tag,count,href,category
Emma (The Promised Neverland),2886,/tags/Emma%20(The%20Promised%20Neverland),c
Isabella (The Promised Neverland),672,/tags/Isabella%20(The%20Promised%20Neverland),c
Norman (The Promised Neverland),2404,/tags/Norman%20(The%20Promised%20Neverland),c
Ray (The Promised Neverland),2704,/tags/Ray%20(The%20Promised%20Neverland),c
Phil (The Promised Neverland),247,/tags/Phil%20(The%20Promised%20Neverland),c
Gilda (The Promised Neverland),734,/tags/Gilda%20(The%20Promised%20Neverland),c
Don (The Promised Neverland),566,/tags/Don%20(The%20Promised%20Neverland),c
Don & Gilda (The Promised Neverland),62,/tags/Don%20*a*%20Gilda%20(The%20Promised%20Neverland),r
Emma & Norman & Ray (The Promised Neverland),512,/tags/Emma%20*a*%20Norman%20*a*%20Ray%20(The%20Promised%20Neverland),r
Emma/Norman (The Promised Neverland),1143,/tags/Emma*s*Norman%20(The%20Promised%20Neverland),r
Anna (The Promised Neverland),475,/tags/Anna%20(The%20Promised%20Neverland),c
Anna/Ray (The Promised Neverland),166,/tags/Anna*s*Ray%20(The%20Promised%20Neverland),r
Emma & Ray (The Promised Neverland),637,/tags/Emma%20*a*%20Ray%20(The%20Promised%20Neverland),r
Norman & Ray (The Promised Neverland),406,/tags/Norman%20*a*%20Ray%20(The%20Promised%20Neverland),r
Lucas (The Promised Neverland),251,/tags/Lucas%20(The%20Promised%20Neverland),c
Leslie (The Promised Neverland),74,/tags/Leslie%20(The%20Promised%20Neverland),c
Isabella/Leslie (The Promised Neverland),56,/tags/Isabella*s*Leslie%20(The%20Promised%20Neverland),r
Nat (The Promised Neverland),143,/tags/Nat%20(The%20Promised%20Neverland),c
Conny (The Promised Neverland),71,/tags/Conny%20(The%20Promised%20Neverland),c
Emma/Norman/Ray (The Promised Neverland),391,/tags/Emma*s*Norman*s*Ray%20(The%20Promised%20Neverland),r
Violet (The Promised Neverland),139,/tags/Violet%20(The%20Promised%20Neverland),c
Dina (The Promised Neverland),36,/tags/Dina%20(The%20Promised%20Neverland),c
Dina & Lucas & Yuugo (The Promised Neverland),10,/tags/Dina%20*a*%20Lucas%20*a*%20Yuugo%20(The%20Promised%20Neverland),r
Yuugo (The Promised Neverland),394,/tags/Yuugo%20(The%20Promised%20Neverland),c
Lucas/Yuugo (The Promised Neverland),109,/tags/Lucas*s*Yuugo%20(The%20Promised%20Neverland),r
Dina/Yuugo (The Promised Neverland),14,/tags/Dina*s*Yuugo%20(The%20Promised%20Neverland),r
Norman/Ray (The Promised Neverland),789,/tags/Norman*s*Ray%20(The%20Promised%20Neverland),r
Isabella/Ray (The Promised Neverland),2,/tags/Isabella*s*Ray%20(The%20Promised%20Neverland),r
Lucas & Yuugo (The Promised Neverland),37,/tags/Lucas%20*a*%20Yuugo%20(The%20Promised%20Neverland),r
Krone (The Promised Neverland),64,/tags/Krone%20(The%20Promised%20Neverland),c
Carol (The Promised Neverland),38,/tags/Carol%20(The%20Promised%20Neverland),c
Little Bernie (The Promised Neverland),4,/tags/Little%20Bernie%20(The%20Promised%20Neverland),c
Twitter: #TPNweek,0,/tags/Twitter:%20*h*TPNweek,f
Emma/Ray (The Promised Neverland),1248,/tags/Emma*s*Ray%20(The%20Promised%20Neverland),r
Thoma (The Promised Neverland),101,/tags/Thoma%20(The%20Promised%20Neverland),c
Emma/Gilda (The Promised Neverland),48,/tags/Emma*s*Gilda%20(The%20Promised%20Neverland),r
Emma/Isabella (The Promised Neverland),0,/tags/Emma*s*Isabella%20(The%20Promised%20Neverland),r
Emma & Norman (The Promised Neverland),619,/tags/Emma%20*a*%20Norman%20(The%20Promised%20Neverland),r
Peter Ratri,150,/tags/Peter%20Ratri,c
Jemima (The Promised Neverland),68,/tags/Jemima%20(The%20Promised%20Neverland),c
Hayato (The Promised Neverland),73,/tags/Hayato%20(The%20Promised%20Neverland),c
Hayato & Ray (The Promised Neverland),6,/tags/Hayato%20*a*%20Ray%20(The%20Promised%20Neverland),r
Don/Gilda (The Promised Neverland),144,/tags/Don*s*Gilda%20(The%20Promised%20Neverland),r
Gillian (The Promised Neverland),155,/tags/Gillian%20(The%20Promised%20Neverland),c
Oliver (The Promised Neverland),190,/tags/Oliver%20(The%20Promised%20Neverland),c
Zack (The Promised Neverland),89,/tags/Zack%20(The%20Promised%20Neverland),c
Don (The Promised Neverland)/Reader,2,/tags/Don%20(The%20Promised%20Neverland)*s*Reader,r
Emma (The Promised Neverland)/Reader,7,/tags/Emma%20(The%20Promised%20Neverland)*s*Reader,r
Barbara (The Promised Neverland),153,/tags/Barbara%20(The%20Promised%20Neverland),c
Cislo (The Promised Neverland),114,/tags/Cislo%20(The%20Promised%20Neverland),c
Zack (The Promised Neverland)/Reader,3,/tags/Zack%20(The%20Promised%20Neverland)*s*Reader,r
Norman (The Promised Neverland)/Reader,11,/tags/Norman%20(The%20Promised%20Neverland)*s*Reader,r
Lucas (The Promised Neverland)/Reader,2,/tags/Lucas%20(The%20Promised%20Neverland)*s*Reader,r
Ray (The Promised Neverland)/Reader,22,/tags/Ray%20(The%20Promised%20Neverland)*s*Reader,r
Oliver (The Promised Neverland)/Reader,6,/tags/Oliver%20(The%20Promised%20Neverland)*s*Reader,r
Yuugo (The Promised Neverland)/Reader,6,/tags/Yuugo%20(The%20Promised%20Neverland)*s*Reader,r
Nigel (The Promised Neverland),65,/tags/Nigel%20(The%20Promised%20Neverland),c
Vincent (The Promised Neverland),136,/tags/Vincent%20(The%20Promised%20Neverland),c
Emma/Violet (The Promised Neverland),21,/tags/Emma*s*Violet%20(The%20Promised%20Neverland),r
Jin (The Promised Neverland),20,/tags/Jin%20(The%20Promised%20Neverland),c
Andrew (The Promised Neverland),23,/tags/Andrew%20(The%20Promised%20Neverland),c
Andrew & Peter Ratri,0,/tags/Andrew%20*a*%20Peter%20Ratri,r
Isabella & Ray (The Promised Neverland),171,/tags/Isabella%20*a*%20Ray%20(The%20Promised%20Neverland),r
Zazie (The Promised Neverland),88,/tags/Zazie%20(The%20Promised%20Neverland),c
Isabella/Krone (The Promised Neverland),2,/tags/Isabella*s*Krone%20(The%20Promised%20Neverland),r
Isabella & Zazie (The Promised Neverland),3,/tags/Isabella%20*a*%20Zazie%20(The%20Promised%20Neverland),r
Happy Birthday Norman (The Promised Neverland),8,/tags/Happy%20Birthday%20Norman%20(The%20Promised%20Neverland),f
Emma & Gilda (The Promised Neverland),75,/tags/Emma%20*a*%20Gilda%20(The%20Promised%20Neverland),r
Anna & Emma (The Promised Neverland),25,/tags/Anna%20*a*%20Emma%20(The%20Promised%20Neverland),r
Anna (The Promised Neverland)/Original Character(s),0,/tags/Anna%20(The%20Promised%20Neverland)*s*Original%20Character(s),r
Isabella & Norman (The Promised Neverland),22,/tags/Isabella%20*a*%20Norman%20(The%20Promised%20Neverland),r
Emma & Isabella (The Promised Neverland),59,/tags/Emma%20*a*%20Isabella%20(The%20Promised%20Neverland),r
The Promised Neverland Anime Spoilers,44,/tags/The%20Promised%20Neverland%20Anime%20Spoilers,f
The Promised Neverland Spoilers,24,/tags/The%20Promised%20Neverland%20Spoilers,f
The Promised Neverland Manga Spoilers,210,/tags/The%20Promised%20Neverland%20Manga%20Spoilers,f
Anna & Ray (The Promised Neverland),73,/tags/Anna%20*a*%20Ray%20(The%20Promised%20Neverland),r
Demons (The Promised Neverland),8,/tags/Demons%20(The%20Promised%20Neverland),c
Sonju (The Promised Neverland),85,/tags/Sonju%20(The%20Promised%20Neverland),c
James Ratri,69,/tags/James%20Ratri,c
William Minerva,32,/tags/William%20Minerva,c
Gillian (The Promised Neverland)/Other(s),0,/tags/Gillian%20(The%20Promised%20Neverland)*s*Other(s),r
Hayato/Ray (The Promised Neverland),7,/tags/Hayato*s*Ray%20(The%20Promised%20Neverland),r
Legravalima (The Promised Neverland),31,/tags/Legravalima%20(The%20Promised%20Neverland),c
Dina/Lucas (The Promised Neverland),5,/tags/Dina*s*Lucas%20(The%20Promised%20Neverland),r
Isabella/Yuugo (The Promised Neverland),4,/tags/Isabella*s*Yuugo%20(The%20Promised%20Neverland),r
Ray & Yuugo (The Promised Neverland),41,/tags/Ray%20*a*%20Yuugo%20(The%20Promised%20Neverland),r
Oliver/Ray (The Promised Neverland),5,/tags/Oliver*s*Ray%20(The%20Promised%20Neverland),r
Isabella & Yuugo (The Promised Neverland),2,/tags/Isabella%20*a*%20Yuugo%20(The%20Promised%20Neverland),r
Oliver & Violet (The Promised Neverland),4,/tags/Oliver%20*a*%20Violet%20(The%20Promised%20Neverland),r
Oliver/Violet (The Promised Neverland),2,/tags/Oliver*s*Violet%20(The%20Promised%20Neverland),r
Ivet (The Promised Neverland),1,/tags/Ivet%20(The%20Promised%20Neverland),c
Maya (The Promised Neverland),1,/tags/Maya%20(The%20Promised%20Neverland),c
Naila (The Promised Neverland),6,/tags/Naila%20(The%20Promised%20Neverland),c
Shelly (The Promised Neverland),32,/tags/Shelly%20(The%20Promised%20Neverland),c
Chris (The Promised Neverland),44,/tags/Chris%20(The%20Promised%20Neverland),c
Alicia (The Promised Neverland),29,/tags/Alicia%20(The%20Promised%20Neverland),c
Gillian & Nigel (The Promised Neverland),8,/tags/Gillian%20*a*%20Nigel%20(The%20Promised%20Neverland),r
Gillian/Nigel (The Promised Neverland),23,/tags/Gillian*s*Nigel%20(The%20Promised%20Neverland),r
Windmill Girl (The Promised Neverland),1,/tags/Windmill%20Girl%20(The%20Promised%20Neverland),c
Ayshe (The Promised Neverland),75,/tags/Ayshe%20(The%20Promised%20Neverland),c
Minor Emma/Norman (The Promised Neverland),11,/tags/Minor%20Emma*s*Norman%20(The%20Promised%20Neverland),f
One-Sided Emma/Norman (The Promised Neverland),22,/tags/One-Sided%20Emma*s*Norman%20(The%20Promised%20Neverland),f
Minor Norman/Ray (The Promised Neverland),5,/tags/Minor%20Norman*s*Ray%20(The%20Promised%20Neverland),f
Leslie & Ray (The Promised Neverland),8,/tags/Leslie%20*a*%20Ray%20(The%20Promised%20Neverland),r
Ayshe & Norman (The Promised Neverland),19,/tags/Ayshe%20*a*%20Norman%20(The%20Promised%20Neverland),r
Ayshe/Norman (The Promised Neverland),18,/tags/Ayshe*s*Norman%20(The%20Promised%20Neverland),r
Goldy Pond Arc (The Promised Neverland),23,/tags/Goldy%20Pond%20Arc%20(The%20Promised%20Neverland),f
Sonya (The Promised Neverland),25,/tags/Sonya%20(The%20Promised%20Neverland),c
Grace Field House (The Promised Neverland),29,/tags/Grace%20Field%20House%20(The%20Promised%20Neverland),f
Lucas & Oliver (The Promised Neverland),15,/tags/Lucas%20*a*%20Oliver%20(The%20Promised%20Neverland),r
Twitter: Noremma smut week,0,/tags/Twitter:%20Noremma%20smut%20week,f
Anna & Nat (The Promised Neverland),28,/tags/Anna%20*a*%20Nat%20(The%20Promised%20Neverland),r
Emma & Phil (The Promised Neverland),23,/tags/Emma%20*a*%20Phil%20(The%20Promised%20Neverland),r
Norman & Phil (The Promised Neverland),6,/tags/Norman%20*a*%20Phil%20(The%20Promised%20Neverland),r
Norman & Shelly (The Promised Neverland),9,/tags/Norman%20*a*%20Shelly%20(The%20Promised%20Neverland),r
Anna/Nat (The Promised Neverland),38,/tags/Anna*s*Nat%20(The%20Promised%20Neverland),r
Carol & Ray (The Promised Neverland),2,/tags/Carol%20*a*%20Ray%20(The%20Promised%20Neverland),r
Phil & Ray (The Promised Neverland),6,/tags/Phil%20*a*%20Ray%20(The%20Promised%20Neverland),r
Oliver (The Promised Neverland)/Original Male Character(s),0,/tags/Oliver%20(The%20Promised%20Neverland)*s*Original%20Male%20Character(s),r
Luce (The Promised Neverland),4,/tags/Luce%20(The%20Promised%20Neverland),c
Nous (The Promised Neverland),3,/tags/Nous%20(The%20Promised%20Neverland),c
Nouma (The Promised Neverland),2,/tags/Nouma%20(The%20Promised%20Neverland),c
Grandmother | Sarah (The Promised Neverland),17,/tags/Grandmother%20%7C%20Sarah%20(The%20Promised%20Neverland),c
Nouma/Nous (The Promised Neverland),0,/tags/Nouma*s*Nous%20(The%20Promised%20Neverland),r
Minor Emma/Ray (The Promised Neverland),11,/tags/Minor%20Emma*s*Ray%20(The%20Promised%20Neverland),f
Alternate Universe - Emma Becomes a Mama (The Promised Neverland),18,/tags/Alternate%20Universe%20-%20Emma%20Becomes%20a%20Mama%20(The%20Promised%20Neverland),f
Minor Emma/Norman/Ray (The Promised Neverland),9,/tags/Minor%20Emma*s*Norman*s*Ray%20(The%20Promised%20Neverland),f
Alternate Universe - Yakusoku no Neverland | The Promised Neverland Fusion,29,/tags/Alternate%20Universe%20-%20Yakusoku%20no%20Neverland%20%7C%20The%20Promised%20Neverland%20Fusion,f
Yandere Norman (The Promised Neverland),9,/tags/Yandere%20Norman%20(The%20Promised%20Neverland),f
Post-Goldy Pond Arc (The Promised Neverland),10,/tags/Post-Goldy%20Pond%20Arc%20(The%20Promised%20Neverland),f
Prince Norman (The Promised Neverland),6,/tags/Prince%20Norman%20(The%20Promised%20Neverland),f
Oblivious Norman (The Promised Neverland),2,/tags/Oblivious%20Norman%20(The%20Promised%20Neverland),f
Norman & Vincent (The Promised Neverland),16,/tags/Norman%20*a*%20Vincent%20(The%20Promised%20Neverland),r
Noremma Summer Fest | NESummerFest,8,/tags/Noremma%20Summer%20Fest%20%7C%20NESummerFest,f
Conny (The Promsied Neverland) & Other(s),1,/tags/Conny%20(The%20Promsied%20Neverland)%20*a*%20Other(s),r
Conny & Don (The Promised Neverland),2,/tags/Conny%20*a*%20Don%20(The%20Promised%20Neverland),r
Conny & Isabella (The Promised Neverland),2,/tags/Conny%20*a*%20Isabella%20(The%20Promised%20Neverland),r
Violet (The Promised Neverland) & Other(s),0,/tags/Violet%20(The%20Promised%20Neverland)%20*a*%20Other(s),r
Violet (The Promised Neverland)/Other(s),0,/tags/Violet%20(The%20Promised%20Neverland)*s*Other(s),r
Emma & Oliver (The Promised Neverland),12,/tags/Emma%20*a*%20Oliver%20(The%20Promised%20Neverland),r
Ray & Susan (The Promised Neverland),9,/tags/Ray%20*a*%20Susan%20(The%20Promised%20Neverland),r
Susan (The Promised Neverland),12,/tags/Susan%20(The%20Promised%20Neverland),c
Anna & Norman (The Promised Neverland),14,/tags/Anna%20*a*%20Norman%20(The%20Promised%20Neverland),r
Yvette (The Promised Neverland),26,/tags/Yvette%20(The%20Promised%20Neverland),c
Gillian/Nat (The Promised Neverland),0,/tags/Gillian*s*Nat%20(The%20Promised%20Neverland),r
Norman & Peter Ratri,9,/tags/Norman%20*a*%20Peter%20Ratri,r
Barbara/Cislo (The Promised Neverland),3,/tags/Barbara*s*Cislo%20(The%20Promised%20Neverland),r
Barbara/Cislo/Norman (The Promised Neverland),2,/tags/Barbara*s*Cislo*s*Norman%20(The%20Promised%20Neverland),r
Emma/Oliver (The Promised Neverland),8,/tags/Emma*s*Oliver%20(The%20Promised%20Neverland),r
Norman (The Promised Neverland)/Everyone,0,/tags/Norman%20(The%20Promised%20Neverland)*s*Everyone,r
Happy Birthday Emma (The Promised Neverland),3,/tags/Happy%20Birthday%20Emma%20(The%20Promised%20Neverland),f
Dominic (The Promised Neverland),19,/tags/Dominic%20(The%20Promised%20Neverland),c
Mark (The Promised Neverland),13,/tags/Mark%20(The%20Promised%20Neverland),c
Rossi (The Promised Neverland),16,/tags/Rossi%20(The%20Promised%20Neverland),c
Norman & James Ratri,8,/tags/Norman%20*a*%20James%20Ratri,r
Nat/Norman (The Promised Neverland),0,/tags/Nat*s*Norman%20(The%20Promised%20Neverland),r
Anna/Oliver (The Promised Neverland),0,/tags/Anna*s*Oliver%20(The%20Promised%20Neverland),r
Emma (The Promised Neverland) & Everyone,4,/tags/Emma%20(The%20Promised%20Neverland)%20*a*%20Everyone,r
Norman/Peter Ratri,0,/tags/Norman*s*Peter%20Ratri,r
Barbara/Norman (The Promised Neverland),7,/tags/Barbara*s*Norman%20(The%20Promised%20Neverland),r
Barbara & Norman (The Promised Neverland),8,/tags/Barbara%20*a*%20Norman%20(The%20Promised%20Neverland),r
Anna & Zack (The Promised Neverland),9,/tags/Anna%20*a*%20Zack%20(The%20Promised%20Neverland),r
Anna/Emma (The Promised Neverland),1,/tags/Anna*s*Emma%20(The%20Promised%20Neverland),r
The Promise (The Promised Neverland),43,/tags/The%20Promise%20(The%20Promised%20Neverland),f
Ayshe & Ray (The Promised Neverland),3,/tags/Ayshe%20*a*%20Ray%20(The%20Promised%20Neverland),r
NatAnna Week (The Promised Neverland),0,/tags/NatAnna%20Week%20(The%20Promised%20Neverland),f
Barbara & Cislo (The Promised Neverland),10,/tags/Barbara%20*a*%20Cislo%20(The%20Promised%20Neverland),r
Barbara & Vincent (The Promised Neverland),2,/tags/Barbara%20*a*%20Vincent%20(The%20Promised%20Neverland),r
Jemima & Zazie (The Promised Neverland),1,/tags/Jemima%20*a*%20Zazie%20(The%20Promised%20Neverland),r
Emma (The Promised Neverland)/Other(s),0,/tags/Emma%20(The%20Promised%20Neverland)*s*Other(s),r
Barbara/Emma (The Promised Neverland),5,/tags/Barbara*s*Emma%20(The%20Promised%20Neverland),r
Barbara & Emma (The Promised Neverland),4,/tags/Barbara%20*a*%20Emma%20(The%20Promised%20Neverland),r
Peter Ratri/Ray,0,/tags/Peter%20Ratri*s*Ray,r
Isabella & Leslie & Ray (The Promised Neverland),6,/tags/Isabella%20*a*%20Leslie%20*a*%20Ray%20(The%20Promised%20Neverland),r
James Ratri & Peter Ratri,10,/tags/James%20Ratri%20*a*%20Peter%20Ratri,r
Norman/Vincent (The Promised Neverland),2,/tags/Norman*s*Vincent%20(The%20Promised%20Neverland),r
Cislo/Norman (The Promised Neverland),2,/tags/Cislo*s*Norman%20(The%20Promised%20Neverland),r
Norman/Zazie (The Promised Neverland),1,/tags/Norman*s*Zazie%20(The%20Promised%20Neverland),r
Emma/Hayato (The Promised Neverland),1,/tags/Emma*s*Hayato%20(The%20Promised%20Neverland),r
Demon Lord (The Promised Neverland),14,/tags/Demon%20Lord%20(The%20Promised%20Neverland),c
Dina (The Promised Neverland) & Other(s),0,/tags/Dina%20(The%20Promised%20Neverland)%20*a*%20Other(s),r
Norman/Oliver (The Promised Neverland),0,/tags/Norman*s*Oliver%20(The%20Promised%20Neverland),r
Anna & Emma & Gilda (The Promised Neverland),13,/tags/Anna%20*a*%20Emma%20*a*%20Gilda%20(The%20Promised%20Neverland),r
Anna & Gilda (The Promised Neverland),4,/tags/Anna%20*a*%20Gilda%20(The%20Promised%20Neverland),r
Emma & Yuugo (The Promised Neverland),31,/tags/Emma%20*a*%20Yuugo%20(The%20Promised%20Neverland),r
Krone & Norman (The Promised Neverland),3,/tags/Krone%20*a*%20Norman%20(The%20Promised%20Neverland),r
Norman & Yuugo (The Promised Neverland),8,/tags/Norman%20*a*%20Yuugo%20(The%20Promised%20Neverland),r
Geelan (The Promised Neverland),4,/tags/Geelan%20(The%20Promised%20Neverland),c
Grace Field House Children (The Promised Neverland),128,/tags/Grace%20Field%20House%20Children%20(The%20Promised%20Neverland),c
Yverk (The Promised Neverland),6,/tags/Yverk%20(The%20Promised%20Neverland),c
Geelan/Legravalima (The Promised Neverland),0,/tags/Geelan*s*Legravalima%20(The%20Promised%20Neverland),r
Lucas & Norman (The Promised Neverland),0,/tags/Lucas%20*a*%20Norman%20(The%20Promised%20Neverland),r
Don & Ray (The Promised Neverland),12,/tags/Don%20*a*%20Ray%20(The%20Promised%20Neverland),r
Lannion (The Promised Neverland),55,/tags/Lannion%20(The%20Promised%20Neverland),c
Hurt Ray (The Promised Neverland),39,/tags/Hurt%20Ray%20(The%20Promised%20Neverland),f
Oliver & Ray (The Promised Neverland),3,/tags/Oliver%20*a*%20Ray%20(The%20Promised%20Neverland),r
Minor Anna/Ray (The Promised Neverland),1,/tags/Minor%20Anna*s*Ray%20(The%20Promised%20Neverland),f
Post-Grace Field House Escape (The Promised Neverland),8,/tags/Post-Grace%20Field%20House%20Escape%20(The%20Promised%20Neverland),f
Noremma Week (The Promised Neverland),12,/tags/Noremma%20Week%20(The%20Promised%20Neverland),f
Chapter 157 The World is Mine (The Promised Neverland),0,/tags/Chapter%20157%20The%20World%20is%20Mine%20(The%20Promised%20Neverland),f
Oliver/Zack (The Promised Neverland),18,/tags/Oliver*s*Zack%20(The%20Promised%20Neverland),r
Conny & Ray (The Promised Neverland),2,/tags/Conny%20*a*%20Ray%20(The%20Promised%20Neverland),r
Conny & Emma (The Promised Neverland),2,/tags/Conny%20*a*%20Emma%20(The%20Promised%20Neverland),r
James Ratri & Ray,0,/tags/James%20Ratri%20*a*%20Ray,r
Ray & Zazie (The Promised Neverland),0,/tags/Ray%20*a*%20Zazie%20(The%20Promised%20Neverland),r
Ayshe & Emma (The Promised Neverland),4,/tags/Ayshe%20*a*%20Emma%20(The%20Promised%20Neverland),r
Ray/Violet (The Promised Neverland),5,/tags/Ray*s*Violet%20(The%20Promised%20Neverland),r
Emma & Violet (The Promised Neverland),9,/tags/Emma%20*a*%20Violet%20(The%20Promised%20Neverland),r
Ray & Vincent (The Promised Neverland),1,/tags/Ray%20*a*%20Vincent%20(The%20Promised%20Neverland),r
Isabella & Leslie (The Promised Neverland),20,/tags/Isabella%20*a*%20Leslie%20(The%20Promised%20Neverland),r
Ray & Violet (The Promised Neverland),6,/tags/Ray%20*a*%20Violet%20(The%20Promised%20Neverland),r
Netherlands (Hetalia)/Oliver (The Promised Neverland),0,/tags/Netherlands%20(Hetalia)*s*Oliver%20(The%20Promised%20Neverland),r
Don (The Promised Neverland) & Original Character(s),0,/tags/Don%20(The%20Promised%20Neverland)%20*a*%20Original%20Character(s),r
Emma (The Promised Neverland) & Original Character(s),2,/tags/Emma%20(The%20Promised%20Neverland)%20*a*%20Original%20Character(s),r
Gillian & Ray (The Promised Neverland),1,/tags/Gillian%20*a*%20Ray%20(The%20Promised%20Neverland),r
Ray (The Promised Neverland) & Original Character(s),1,/tags/Ray%20(The%20Promised%20Neverland)%20*a*%20Original%20Character(s),r
Norman & Smee (The Promised Neverland),6,/tags/Norman%20*a*%20Smee%20(The%20Promised%20Neverland),r
Smee (The Promised Neverland),20,/tags/Smee%20(The%20Promised%20Neverland),c
Movie: Yakusoku no Neverland | The Promised Neverland (2020),0,/tags/Movie:%20Yakusoku%20no%20Neverland%20%7C%20The%20Promised%20Neverland%20(2020),f
Norray Week (The Promised Neverland),20,/tags/Norray%20Week%20(The%20Promised%20Neverland),f
Norman Kara no Tegami | A Letter from Norman Light Novel Spoilers,2,/tags/Norman%20Kara%20no%20Tegami%20%7C%20A%20Letter%20from%20Norman%20Light%20Novel%20Spoilers,f
Norman & Zazie (The Promised Neverland),7,/tags/Norman%20*a*%20Zazie%20(The%20Promised%20Neverland),r
Anna/Sandy (The Promised Neverland),1,/tags/Anna*s*Sandy%20(The%20Promised%20Neverland),r
Emma & Norman & Susan (The Promised Neverland),0,/tags/Emma%20*a*%20Norman%20*a*%20Susan%20(The%20Promised%20Neverland),r
Sandy (The Promised Neverland),26,/tags/Sandy%20(The%20Promised%20Neverland),c
Mujika | Musica (The Promised Neverland),84,/tags/Mujika%20%7C%20Musica%20(The%20Promised%20Neverland),c
Leuvis | Lewis (The Promised Neverland),64,/tags/Leuvis%20%7C%20Lewis%20(The%20Promised%20Neverland),c
Emma/Mujika | Musica (The Promised Neverland),0,/tags/Emma*s*Mujika%20%7C%20Musica%20(The%20Promised%20Neverland),r
Anna & Emma & Gilda & Mujika | Musica (The Promised Neverland),0,/tags/Anna%20*a*%20Emma%20*a*%20Gilda%20*a*%20Mujika%20%7C%20Musica%20(The%20Promised%20Neverland),r
Kamado Nezuko & Mujika | Musica (The Promised Neverland),0,/tags/Kamado%20Nezuko%20*a*%20Mujika%20%7C%20Musica%20(The%20Promised%20Neverland),r
Leuvis | Lewis & Norman (The Promised Neverland),1,/tags/Leuvis%20%7C%20Lewis%20*a*%20Norman%20(The%20Promised%20Neverland),r
Emma/Leuvis | Lewis (The Promised Neverland),18,/tags/Emma*s*Leuvis%20%7C%20Lewis%20(The%20Promised%20Neverland),r
Bayon I (The Promised Neverland),17,/tags/Bayon%20I%20(The%20Promised%20Neverland),c
Bayon II (The Promised Neverland),3,/tags/Bayon%20II%20(The%20Promised%20Neverland),c
Bayon I/Leuvis | Lewis (The Promised Neverland),3,/tags/Bayon%20I*s*Leuvis%20%7C%20Lewis%20(The%20Promised%20Neverland),r
Bayon I & Leuvis | Lewis (The Promised Neverland),0,/tags/Bayon%20I%20*a*%20Leuvis%20%7C%20Lewis%20(The%20Promised%20Neverland),r
Leuvis | Lewis (The Promised Neverland)/Other(s),1,/tags/Leuvis%20%7C%20Lewis%20(The%20Promised%20Neverland)*s*Other(s),r
Emma/Krone (The Promised Neverland),0,/tags/Emma*s*Krone%20(The%20Promised%20Neverland),r
Anna & Norman & Ray (The Promised Neverland),4,/tags/Anna%20*a*%20Norman%20*a*%20Ray%20(The%20Promised%20Neverland),r
Michelle (The Promised Neverland),11,/tags/Michelle%20(The%20Promised%20Neverland),c
Pepe (The Promised Neverland),27,/tags/Pepe%20(The%20Promised%20Neverland),c
Ayshe/Gilda (The Promised Neverland),1,/tags/Ayshe*s*Gilda%20(The%20Promised%20Neverland),r
Cislo & Norman (The Promised Neverland),4,/tags/Cislo%20*a*%20Norman%20(The%20Promised%20Neverland),r
Lucas & James Ratri & Yuuga,0,/tags/Lucas%20*a*%20James%20Ratri%20*a*%20Yuuga,r
Phil & Shelly (The Promised Neverland),6,/tags/Phil%20*a*%20Shelly%20(The%20Promised%20Neverland),r
Emma & Nat (The Promised Neverland),1,/tags/Emma%20*a*%20Nat%20(The%20Promised%20Neverland),r
Gilda & Ray (The Promised Neverland),22,/tags/Gilda%20*a*%20Ray%20(The%20Promised%20Neverland),r
Oliver/Sonya (The Promised Neverland),1,/tags/Oliver*s*Sonya%20(The%20Promised%20Neverland),r
Norman Appreciation Week (The Promised Neverland),0,/tags/Norman%20Appreciation%20Week%20(The%20Promised%20Neverland),f
Emma & Krone (The Promised Neverland),4,/tags/Emma%20*a*%20Krone%20(The%20Promised%20Neverland),r
Norman & Zack (The Promised Neverland),1,/tags/Norman%20*a*%20Zack%20(The%20Promised%20Neverland),r
Norman & Sandy (The Promised Neverland),1,/tags/Norman%20*a*%20Sandy%20(The%20Promised%20Neverland),r
Emma & Norman & Yuugo (The Promised Neverland),1,/tags/Emma%20*a*%20Norman%20*a*%20Yuugo%20(The%20Promised%20Neverland),r
Emma & Shelly & Violet (The Promised Neverland),1,/tags/Emma%20*a*%20Shelly%20*a*%20Violet%20(The%20Promised%20Neverland),r
Adam (The Promised Neverland),12,/tags/Adam%20(The%20Promised%20Neverland),c
Kuroo Tetsurou & Ray (The Promised Neverland),1,/tags/Kuroo%20Tetsurou%20*a*%20Ray%20(The%20Promised%20Neverland),r
Him | The One (The Promised Neverland),15,/tags/Him%20%7C%20The%20One%20(The%20Promised%20Neverland),c
Emma & Mujika | Musica (The Promised Neverland),8,/tags/Emma%20*a*%20Mujika%20%7C%20Musica%20(The%20Promised%20Neverland),r
James Ratri/Original Character(s),0,/tags/James%20Ratri*s*Original%20Character(s),r
Barbara/Norman/Ray (The Promised Neverland),1,/tags/Barbara*s*Norman*s*Ray%20(The%20Promised%20Neverland),r
Mujika | Musica & Sonju (The Promised Neverland),6,/tags/Mujika%20%7C%20Musica%20*a*%20Sonju%20(The%20Promised%20Neverland),r
Isabella & Peter Ratri,2,/tags/Isabella%20*a*%20Peter%20Ratri,r
NEWinterHolidays (The Promised Neverland),0,/tags/NEWinterHolidays%20(The%20Promised%20Neverland),f
Norman (The Promised Neverland) & Other(s),0,/tags/Norman%20(The%20Promised%20Neverland)%20*a*%20Other(s),r
Emma & Chris (The Promised Neverland),5,/tags/Emma%20*a*%20Chris%20(The%20Promised%20Neverland),r
Don & Emma (The Promised Neverland),10,/tags/Don%20*a*%20Emma%20(The%20Promised%20Neverland),r
James Ratri/Original Female Character(s),0,/tags/James%20Ratri*s*Original%20Female%20Character(s),r
Ray (The Promised Neverland)/Other(s),0,/tags/Ray%20(The%20Promised%20Neverland)*s*Other(s),r
Oyakusoku no Neverland | The Parodied Jokeland,7,/tags/Oyakusoku%20no%20Neverland%20%7C%20The%20Parodied%20Jokeland,f
Noremma Oyaku Week (The Promised Neverland),1,/tags/Noremma%20Oyaku%20Week%20(The%20Promised%20Neverland),f
Manga: Oyakusoku no Neverland | The Parodied Jokeland,0,/tags/Manga:%20Oyakusoku%20no%20Neverland%20%7C%20The%20Parodied%20Jokeland,f
Olivia (The Promised Neverland),11,/tags/Olivia%20(The%20Promised%20Neverland),c
Mujika | Musica/Sonju (The Promised Neverland),15,/tags/Mujika%20%7C%20Musica*s*Sonju%20(The%20Promised%20Neverland),r
Emma & Gillian (The Promised Neverland),3,/tags/Emma%20*a*%20Gillian%20(The%20Promised%20Neverland),r
Chapter 180: Your Everything (The Promised Neverland),0,/tags/Chapter%20180:%20Your%20Everything%20(The%20Promised%20Neverland),f
RayEmma Week 2020 (The Promised Neverland),9,/tags/RayEmma%20Week%202020%20(The%20Promised%20Neverland),f
RayEmma Week (The Promised Neverland),12,/tags/RayEmma%20Week%20(The%20Promised%20Neverland),f
Amnesiac Emma (The Promised Neverland),11,/tags/Amnesiac%20Emma%20(The%20Promised%20Neverland),f
Emma & Lucas (The Promised Neverland),6,/tags/Emma%20*a*%20Lucas%20(The%20Promised%20Neverland),r
Anna & Isabella (The Promised Neverland),2,/tags/Anna%20*a*%20Isabella%20(The%20Promised%20Neverland),r
Post-Chapter 180: Your Everything (The Promised Neverland),0,/tags/Post-Chapter%20180:%20Your%20Everything%20(The%20Promised%20Neverland),f
Chapter 181: Beyond Destiny Spoilers (The Promised Neverland),1,/tags/Chapter%20181:%20Beyond%20Destiny%20Spoilers%20(The%20Promised%20Neverland),f
Post-Chapter 181: Beyond Destiny (The Promised Neverland),13,/tags/Post-Chapter%20181:%20Beyond%20Destiny%20(The%20Promised%20Neverland),f
Goldy Pond Arc Spoilers (The Promised Neverland),8,/tags/Goldy%20Pond%20Arc%20Spoilers%20(The%20Promised%20Neverland),f
Isabella (The Promised Neverland)/Reader,4,/tags/Isabella%20(The%20Promised%20Neverland)*s*Reader,r
Emma & Hayato & Ray (The Promised Neverland),1,/tags/Emma%20*a*%20Hayato%20*a*%20Ray%20(The%20Promised%20Neverland),r
Emma & Isabella & Ray (The Promised Neverland),4,/tags/Emma%20*a*%20Isabella%20*a*%20Ray%20(The%20Promised%20Neverland),r
Lannion & Thoma (The Promised Neverland),2,/tags/Lannion%20*a*%20Thoma%20(The%20Promised%20Neverland),r
Barbara/Zazie (The Promised Neverland),1,/tags/Barbara*s*Zazie%20(The%20Promised%20Neverland),r
Paula/Sonya (The Promised Neverland),5,/tags/Paula*s*Sonya%20(The%20Promised%20Neverland),r
Emma & Leuvis | Lewis (The Promised Neverland),3,/tags/Emma%20*a*%20Leuvis%20%7C%20Lewis%20(The%20Promised%20Neverland),r
Emma & Sonju (The Promised Neverland),3,/tags/Emma%20*a*%20Sonju%20(The%20Promised%20Neverland),r
Ray & Sonju (The Promised Neverland),3,/tags/Ray%20*a*%20Sonju%20(The%20Promised%20Neverland),r
Paula (The Promised Neverland),32,/tags/Paula%20(The%20Promised%20Neverland),c
Emma & Ray & Yuugo (The Promised Neverland),15,/tags/Emma%20*a*%20Ray%20*a*%20Yuugo%20(The%20Promised%20Neverland),r
Emma & Gilda & Gillian (The Promised Neverland),0,/tags/Emma%20*a*%20Gilda%20*a*%20Gillian%20(The%20Promised%20Neverland),r
Emma & Legravalima (The Promised Neverland),0,/tags/Emma%20*a*%20Legravalima%20(The%20Promised%20Neverland),r
Legravalima/Norman (The Promised Neverland),0,/tags/Legravalima*s*Norman%20(The%20Promised%20Neverland),r
Legravalima & Ray (The Promised Neverland),0,/tags/Legravalima%20*a*%20Ray%20(The%20Promised%20Neverland),r
Pepe/Ray (The Promised Neverland),0,/tags/Pepe*s*Ray%20(The%20Promised%20Neverland),r
Ayshe/Ray (The Promised Neverland),3,/tags/Ayshe*s*Ray%20(The%20Promised%20Neverland),r
Emma & Alex Mikhaylov,4,/tags/Emma%20*a*%20Alex%20Mikhaylov,r
Nat (The Promised Neverland)/Original Female Character(s),0,/tags/Nat%20(The%20Promised%20Neverland)*s*Original%20Female%20Character(s),r
Leuvis | Lewis & Sonju (The Promised Neverland),0,/tags/Leuvis%20%7C%20Lewis%20*a*%20Sonju%20(The%20Promised%20Neverland),r
Chapter 179: Compensation (The Promised Neverland),0,/tags/Chapter%20179:%20Compensation%20(The%20Promised%20Neverland),f
Chapter 121: Isn't This Great (The Promised Neverland),0,/tags/Chapter%20121:%20Isn't%20This%20Great%20(The%20Promised%20Neverland),f
Emma (The Promised Neverland)/Original Male Character(s),1,/tags/Emma%20(The%20Promised%20Neverland)*s*Original%20Male%20Character(s),r
Yuugo (The Promised Neverland) & Other(s),0,/tags/Yuugo%20(The%20Promised%20Neverland)%20*a*%20Other(s),r
Anna/Gilda (The Promised Neverland),8,/tags/Anna*s*Gilda%20(The%20Promised%20Neverland),r
Emma & Peter Ratri,7,/tags/Emma%20*a*%20Peter%20Ratri,r
Emma/Norman/Ray (The Promised Neverland)/Original Character(s),2,/tags/Emma*s*Norman*s*Ray%20(The%20Promised%20Neverland)*s*Original%20Character(s),r
Oliver (The Promised Neverland)/Original Female Character(s),0,/tags/Oliver%20(The%20Promised%20Neverland)*s*Original%20Female%20Character(s),r
Norman & Ray & Shelly (The Promised Neverland),0,/tags/Norman%20*a*%20Ray%20*a*%20Shelly%20(The%20Promised%20Neverland),r
Phil/Ray (The Promised Neverland),0,/tags/Phil*s*Ray%20(The%20Promised%20Neverland),r
Yuugo (The Promised Neverland)/Original Male Character(s),0,/tags/Yuugo%20(The%20Promised%20Neverland)*s*Original%20Male%20Character(s),r
Don (The Promised Neverland)/Original Female Character(s),0,/tags/Don%20(The%20Promised%20Neverland)*s*Original%20Female%20Character(s),r
Chapter 64: Could Have Been Me (The Promised Neverland),0,/tags/Chapter%2064:%20Could%20Have%20Been%20Me%20(The%20Promised%20Neverland),f
Ray-centric (The Promised Neverland),57,/tags/Ray-centric%20(The%20Promised%20Neverland),f
Light Novel: Mama-tachi no Tsuisoukyoku | Moms' Song of Remembrance,0,/tags/Light%20Novel:%20Mama-tachi%20no%20Tsuisoukyoku%20%7C%20Moms'%20Song%20of%20Remembrance,f
Jealous Ray (The Promised Neverland),4,/tags/Jealous%20Ray%20(The%20Promised%20Neverland),f
Jealous Norman (The Promised Neverland),6,/tags/Jealous%20Norman%20(The%20Promised%20Neverland),f
Dozza (The Promised Neverland),1,/tags/Dozza%20(The%20Promised%20Neverland),c
Bayon I/Geelan (The Promised Neverland),1,/tags/Bayon%20I*s*Geelan%20(The%20Promised%20Neverland),r
Geelan (The Promised Neverland)/Other(s),0,/tags/Geelan%20(The%20Promised%20Neverland)*s*Other(s),r
Anna/Ayshe/Ray (The Promised Neverland),0,/tags/Anna*s*Ayshe*s*Ray%20(The%20Promised%20Neverland),r
Alex Mikhaylov & Norman,2,/tags/Alex%20Mikhaylov%20*a*%20Norman,r
Marnya (The Promised Neverland),2,/tags/Marnya%20(The%20Promised%20Neverland),c
Ray/Sonju (The Promised Neverland),3,/tags/Ray*s*Sonju%20(The%20Promised%20Neverland),r
Jemima & Ray (The Promised Neverland),10,/tags/Jemima%20*a*%20Ray%20(The%20Promised%20Neverland),r
Ray (The Promised Neverland) & Original Female Character(s),2,/tags/Ray%20(The%20Promised%20Neverland)%20*a*%20Original%20Female%20Character(s),r
Ray (The Promised Neverland) & Original Male Character(s),1,/tags/Ray%20(The%20Promised%20Neverland)%20*a*%20Original%20Male%20Character(s),r
Ray (The Promised Neverland)/Original Male Character(s),2,/tags/Ray%20(The%20Promised%20Neverland)*s*Original%20Male%20Character(s),r
Andrew/Lucas (The Promised Neverland),0,/tags/Andrew*s*Lucas%20(The%20Promised%20Neverland),r
Lucas & William Minerva & Yuugo,0,/tags/Lucas%20*a*%20William%20Minerva%20*a*%20Yuugo,r
Chris & Yuugo (The Promised Neverland),1,/tags/Chris%20*a*%20Yuugo%20(The%20Promised%20Neverland),r
Emma & Norman & Ray & Yuugo (The Promised Neverland),2,/tags/Emma%20*a*%20Norman%20*a*%20Ray%20*a*%20Yuugo%20(The%20Promised%20Neverland),r
Emma is a Ray of Sunshine (The Promised Neverland),10,/tags/Emma%20is%20a%20Ray%20of%20Sunshine%20(The%20Promised%20Neverland),f
Andrew/Peter Ratri,3,/tags/Andrew*s*Peter%20Ratri,r
Lambda 7214 Ensemble & Norman (The Promised Neverland),9,/tags/Lambda%207214%20Ensemble%20*a*%20Norman%20(The%20Promised%20Neverland),r
Leuvis | Lewis (The Promised Neverland)/Reader,1,/tags/Leuvis%20%7C%20Lewis%20(The%20Promised%20Neverland)*s*Reader,r
Gilda & Isabella (The Promised Neverland),1,/tags/Gilda%20*a*%20Isabella%20(The%20Promised%20Neverland),r
Don/Ray (The Promised Neverland),3,/tags/Don*s*Ray%20(The%20Promised%20Neverland),r
Oliver & Zack (The Promised Neverland),11,/tags/Oliver%20*a*%20Zack%20(The%20Promised%20Neverland),r
Gilda/Violet (The Promised Neverland),2,/tags/Gilda*s*Violet%20(The%20Promised%20Neverland),r
Don (The Promised Neverland) & Other(s),0,/tags/Don%20(The%20Promised%20Neverland)%20*a*%20Other(s),r
Not Canon Compliant - The Promised Neverland (Anime),0,/tags/Not%20Canon%20Compliant%20-%20The%20Promised%20Neverland%20(Anime),f
King of Paradise Arc (The Promised Neverland),5,/tags/King%20of%20Paradise%20Arc%20(The%20Promised%20Neverland),f
Palvus (The Promised Neverland),2,/tags/Palvus%20(The%20Promised%20Neverland),c
Chapter 119: Encounter (The Promised Neverland),0,/tags/Chapter%20119:%20Encounter%20(The%20Promised%20Neverland),f
Gilda & Nat (The Promised Neverland),0,/tags/Gilda%20*a*%20Nat%20(The%20Promised%20Neverland),r
Gilda & Thoma (The Promised Neverland),0,/tags/Gilda%20*a*%20Thoma%20(The%20Promised%20Neverland),r
Gilda & Lannion (The Promised Neverland),0,/tags/Gilda%20*a*%20Lannion%20(The%20Promised%20Neverland),r
Full Score Trio Week (The Promised Neverland),0,/tags/Full%20Score%20Trio%20Week%20(The%20Promised%20Neverland),f
Awla (The Promised Neverland),1,/tags/Awla%20(The%20Promised%20Neverland),c
Mawla (The Promised Neverland),0,/tags/Mawla%20(The%20Promised%20Neverland),c
Eugene (The Promised Neverland),1,/tags/Eugene%20(The%20Promised%20Neverland),c
Vivian (The Promised Neverland),1,/tags/Vivian%20(The%20Promised%20Neverland),c
Nina (The Promised Neverland),0,/tags/Nina%20(The%20Promised%20Neverland),c
Jasper (The Promised Neverland),1,/tags/Jasper%20(The%20Promised%20Neverland),c
Adam/Ray (The Promised Neverland),1,/tags/Adam*s*Ray%20(The%20Promised%20Neverland),r
Lucas/Ray (The Promised Neverland),1,/tags/Lucas*s*Ray%20(The%20Promised%20Neverland),r
YouTuber Emma (The Promised Neverland),13,/tags/YouTuber%20Emma%20(The%20Promised%20Neverland),f
Goldy Pond (The Promised Neverland),15,/tags/Goldy%20Pond%20(The%20Promised%20Neverland),f
Ayshe's Father (The Promised Neverland),0,/tags/Ayshe's%20Father%20(The%20Promised%20Neverland),c
Norman (The Promised Neverland) & Original Character(s),1,/tags/Norman%20(The%20Promised%20Neverland)%20*a*%20Original%20Character(s),r
Don & Emma & Gilda & Norman & Ray (The Promised Neverland),8,/tags/Don%20*a*%20Emma%20*a*%20Gilda%20*a*%20Norman%20*a*%20Ray%20(The%20Promised%20Neverland),r
Damdin (The Promised Neverland),0,/tags/Damdin%20(The%20Promised%20Neverland),c
Sonju (The Promised Neverland)/Reader,1,/tags/Sonju%20(The%20Promised%20Neverland)*s*Reader,r
Bayon I/Yuugo (The Promised Neverland),1,/tags/Bayon%20I*s*Yuugo%20(The%20Promised%20Neverland),r
Ray (The Promised Neverland) & Reader,3,/tags/Ray%20(The%20Promised%20Neverland)%20*a*%20Reader,r
Hao (The Promised Neverland),0,/tags/Hao%20(The%20Promised%20Neverland),c
Sad Ray (The Promised Neverland),24,/tags/Sad%20Ray%20(The%20Promised%20Neverland),f
Barbara/Vincent (The Promised Neverland),1,/tags/Barbara*s*Vincent%20(The%20Promised%20Neverland),r
Emma & Phil & Ray (The Promised Neverland),1,/tags/Emma%20*a*%20Phil%20*a*%20Ray%20(The%20Promised%20Neverland),r
Emma (The Promised Neverland) & Kamado Tanjirou,1,/tags/Emma%20(The%20Promised%20Neverland)%20*a*%20Kamado%20Tanjirou,r
Emma (The Promised Neverland) & Monkey D. Luffy,0,/tags/Emma%20(The%20Promised%20Neverland)%20*a*%20Monkey%20D*d*%20Luffy,r
Chapter 126: A Three-Person Talk (The Promised Neverland),0,/tags/Chapter%20126:%20A%20Three-Person%20Talk%20(The%20Promised%20Neverland),f
Don (The Promised Neverland) & Midoriya Inko,0,/tags/Don%20(The%20Promised%20Neverland)%20*a*%20Midoriya%20Inko,r
Gilda (The Promised Neverland) & Midoriya Izuku,1,/tags/Gilda%20(The%20Promised%20Neverland)%20*a*%20Midoriya%20Izuku,r
Barbara & Hayato (The Promised Neverland),1,/tags/Barbara%20*a*%20Hayato%20(The%20Promised%20Neverland),r
Dina & Lucas (The Promised Neverland),2,/tags/Dina%20*a*%20Lucas%20(The%20Promised%20Neverland),r
The Other Mother (Coraline) & Ray (The Promised Neverland),0,/tags/The%20Other%20Mother%20(Coraline)%20*a*%20Ray%20(The%20Promised%20Neverland),r
Ayshe & Gilda (The Promised Neverland),1,/tags/Ayshe%20*a*%20Gilda%20(The%20Promised%20Neverland),r
Norman (The Promised Neverland) & Reader,0,/tags/Norman%20(The%20Promised%20Neverland)%20*a*%20Reader,r
Nat & Norman (The Promised Neverland),0,/tags/Nat%20*a*%20Norman%20(The%20Promised%20Neverland),r
Ayshe/Hayato (The Promised Neverland),0,/tags/Ayshe*s*Hayato%20(The%20Promised%20Neverland),r
Barbara & Zazie (The Promised Neverland),0,/tags/Barbara%20*a*%20Zazie%20(The%20Promised%20Neverland),r
Norman (The Promised Neverland)/Towa Monaca,0,/tags/Norman%20(The%20Promised%20Neverland)*s*Towa%20Monaca,r
Ray/Yuugo (The Promised Neverland),2,/tags/Ray*s*Yuugo%20(The%20Promised%20Neverland),r
Ray (The Promised Neverland)/Utsugi Kotoko,0,/tags/Ray%20(The%20Promised%20Neverland)*s*Utsugi%20Kotoko,r
Emma (The Promised Neverland)/Daimon Masaru (Dangan Ronpa),0,/tags/Emma%20(The%20Promised%20Neverland)*s*Daimon%20Masaru%20(Dangan%20Ronpa),r
Sad Norman (The Promised Neverland),9,/tags/Sad%20Norman%20(The%20Promised%20Neverland),f
Sad Emma (The Promised Neverland),8,/tags/Sad%20Emma%20(The%20Promised%20Neverland),f
RayEmma Week 2021 (The Promised Neverland),12,/tags/RayEmma%20Week%202021%20(The%20Promised%20Neverland),f
Lambda 7214 Ensemble & Ray (The Promised Neverland),2,/tags/Lambda%207214%20Ensemble%20*a*%20Ray%20(The%20Promised%20Neverland),r
Anna/Don (The Promised Neverland),0,/tags/Anna*s*Don%20(The%20Promised%20Neverland),r
Awla (The Promised Neverland)/Original Character(s),0,/tags/Awla%20(The%20Promised%20Neverland)*s*Original%20Character(s),r
Nigel & Ray (The Promised Neverland),2,/tags/Nigel%20*a*%20Ray%20(The%20Promised%20Neverland),r
Anna/Don/Gilda (The Promised Neverland),0,/tags/Anna*s*Don*s*Gilda%20(The%20Promised%20Neverland),r
Leuvis | Lewis/Norman (The Promised Neverland),0,/tags/Leuvis%20%7C%20Lewis*s*Norman%20(The%20Promised%20Neverland),r
Gilda & Lucas (The Promised Neverland),1,/tags/Gilda%20*a*%20Lucas%20(The%20Promised%20Neverland),r
Gilda/Ray (The Promised Neverland),5,/tags/Gilda*s*Ray%20(The%20Promised%20Neverland),r
Oliver & Paula (The Promised Neverland),3,/tags/Oliver%20*a*%20Paula%20(The%20Promised%20Neverland),r
Nigel & Zack (The Promised Neverland),1,/tags/Nigel%20*a*%20Zack%20(The%20Promised%20Neverland),r
Bayon I/Ray (The Promised Neverland),0,/tags/Bayon%20I*s*Ray%20(The%20Promised%20Neverland),r
Chapter 172: Free (The Promised Neverland),0,/tags/Chapter%20172:%20Free%20(The%20Promised%20Neverland),f
POV Norman (The Promised Neverland),7,/tags/POV%20Norman%20(The%20Promised%20Neverland),f
Bottom Norman (The Promised Neverland),1,/tags/Bottom%20Norman%20(The%20Promised%20Neverland),f
Special Pilot Chapter: We We’re Born (The Promised Neverland),0,/tags/Special%20Pilot%20Chapter:%20We%20We%E2%80%99re%20Born%20(The%20Promised%20Neverland),f
Mentioned Norman (The Promised Neverland),13,/tags/Mentioned%20Norman%20(The%20Promised%20Neverland),f
Leuvis | Lewis/Ray (The Promised Neverland),0,/tags/Leuvis%20%7C%20Lewis*s*Ray%20(The%20Promised%20Neverland),r
Violet/Zack (The Promised Neverland),0,/tags/Violet*s*Zack%20(The%20Promised%20Neverland),r
Leuvis | Lewis/Norman/Ray (The Promised Neverland),0,/tags/Leuvis%20%7C%20Lewis*s*Norman*s*Ray%20(The%20Promised%20Neverland),r
Barbara & Gilda (The Promised Neverland),0,/tags/Barbara%20*a*%20Gilda%20(The%20Promised%20Neverland),r
Lucas & Ray (The Promised Neverland),4,/tags/Lucas%20*a*%20Ray%20(The%20Promised%20Neverland),r
Krone & Ray (The Promised Neverland),3,/tags/Krone%20*a*%20Ray%20(The%20Promised%20Neverland),r
Ray (The Promised Neverland) & Other(s),0,/tags/Ray%20(The%20Promised%20Neverland)%20*a*%20Other(s),r
Gillian & Violet (The Promised Neverland),1,/tags/Gillian%20*a*%20Violet%20(The%20Promised%20Neverland),r
Oliver & Paula & Zack (The Promised Neverland),2,/tags/Oliver%20*a*%20Paula%20*a*%20Zack%20(The%20Promised%20Neverland),r
Bayon I & Ray (The Promised Neverland),0,/tags/Bayon%20I%20*a*%20Ray%20(The%20Promised%20Neverland),r
Ray & Zack (The Promised Neverland),2,/tags/Ray%20*a*%20Zack%20(The%20Promised%20Neverland),r
Legravalima & Norman (The Promised Neverland),1,/tags/Legravalima%20*a*%20Norman%20(The%20Promised%20Neverland),r
Simon (The Promised Neverland),2,/tags/Simon%20(The%20Promised%20Neverland),c
Lucas (The Promised Neverland) & Midoriya Izuku & Oliver (The Promised Neverland),0,/tags/Lucas%20(The%20Promised%20Neverland)%20*a*%20Midoriya%20Izuku%20*a*%20Oliver%20(The%20Promised%20Neverland),r
Nat/Simon (The Promised Neverland),1,/tags/Nat*s*Simon%20(The%20Promised%20Neverland),r
Julius Ratri,0,/tags/Julius%20Ratri,c
Midoriya Izuku & Yuugo (The Promised Neverland),0,/tags/Midoriya%20Izuku%20*a*%20Yuugo%20(The%20Promised%20Neverland),r
Emma & Mike Ratri,0,/tags/Emma%20*a*%20Mike%20Ratri,r
Gilda & Norman (The Promised Neverland),6,/tags/Gilda%20*a*%20Norman%20(The%20Promised%20Neverland),r
Gillian/Norman (The Promised Neverland),0,/tags/Gillian*s*Norman%20(The%20Promised%20Neverland),r
RayAnna Week 2021 (The Promised Neverland),1,/tags/RayAnna%20Week%202021%20(The%20Promised%20Neverland),f
RayAnna Week 2019 (The Promised Neverland),0,/tags/RayAnna%20Week%202019%20(The%20Promised%20Neverland),f
RayAnna Week (The Promised Neverland),0,/tags/RayAnna%20Week%20(The%20Promised%20Neverland),f
Ray (The Promised Neverland) & Yukine (Noragami),0,/tags/Ray%20(The%20Promised%20Neverland)%20*a*%20Yukine%20(Noragami),r
Ray (The Promised Neverland) & Suzuya Juuzou & Yukine (Noragami) & Killua Zoldyck,0,/tags/Ray%20(The%20Promised%20Neverland)%20*a*%20Suzuya%20Juuzou%20*a*%20Yukine%20(Noragami)%20*a*%20Killua%20Zoldyck,r
Gillian/Oliver (The Promised Neverland),1,/tags/Gillian*s*Oliver%20(The%20Promised%20Neverland),r
Anna/Zack (The Promised Neverland),7,/tags/Anna*s*Zack%20(The%20Promised%20Neverland),r
Anna & Michelle (The Promised Neverland),1,/tags/Anna%20*a*%20Michelle%20(The%20Promised%20Neverland),r
Phil/Shelly (The Promised Neverland),3,/tags/Phil*s*Shelly%20(The%20Promised%20Neverland),r
Michelle/Zack (The Promised Neverland),0,/tags/Michelle*s*Zack%20(The%20Promised%20Neverland),r
Chris (The Promised Neverland)/Originals Character(s),0,/tags/Chris%20(The%20Promised%20Neverland)*s*Originals%20Character(s),r
Chris/Dominic (The Promised Neverland),0,/tags/Chris*s*Dominic%20(The%20Promised%20Neverland),r
Mentioned Ray (The Promised Neverland),8,/tags/Mentioned%20Ray%20(The%20Promised%20Neverland),f
Norman-centric (The Promised Neverland),11,/tags/Norman-centric%20(The%20Promised%20Neverland),f
Mentioned Emma (The Promised Neverland),10,/tags/Mentioned%20Emma%20(The%20Promised%20Neverland),f
Hurt Norman (The Promised Neverland),7,/tags/Hurt%20Norman%20(The%20Promised%20Neverland),f
James Ratri/Scaramouche (Genshin Impact),0,/tags/James%20Ratri*s*Scaramouche%20(Genshin%20Impact),r
Shelly (The Promised Neverland)/Original Character(s),0,/tags/Shelly%20(The%20Promised%20Neverland)*s*Original%20Character(s),r
Quasimodo (Disney)/Ray (The Promised Neverland),0,/tags/Quasimodo%20(Disney)*s*Ray%20(The%20Promised%20Neverland),r
Isabella (The Promised Neverland) & Quasimodo (Disney),0,/tags/Isabella%20(The%20Promised%20Neverland)%20*a*%20Quasimodo%20(Disney),r
Anna & Emma & Ray (The Promised Neverland),0,/tags/Anna%20*a*%20Emma%20*a*%20Ray%20(The%20Promised%20Neverland),r
Long-Haired Norman (The Promised Neverland),5,/tags/Long-Haired%20Norman%20(The%20Promised%20Neverland),f
Quasimodo (Disney) & Ray (The Promised Neverland),0,/tags/Quasimodo%20(Disney)%20*a*%20Ray%20(The%20Promised%20Neverland),r
Zine: Let's Change The World!: A TPN Fanzine,0,/tags/Zine:%20Let's%20Change%20The%20World!:%20A%20TPN%20Fanzine,f
TPN Secret Santa (The Promised Neverland),0,/tags/TPN%20Secret%20Santa%20(The%20Promised%20Neverland),f
Demon Lord/Norman (The Promised Neverland),0,/tags/Demon%20Lord*s*Norman%20(The%20Promised%20Neverland),r
Oliver (The Promised Neverland)/Original Character(s),0,/tags/Oliver%20(The%20Promised%20Neverland)*s*Original%20Character(s),r
Zack (The Promised Neverland)/Original Character(s),0,/tags/Zack%20(The%20Promised%20Neverland)*s*Original%20Character(s),r
Hannibal Lecter/Leuvis | Lewis (The Promised Neverland),0,/tags/Hannibal%20Lecter*s*Leuvis%20%7C%20Lewis%20(The%20Promised%20Neverland),r
Popola (NieR: Automata) & Ray (The Promised Neverland),0,/tags/Popola%20(NieR:%20Automata)%20*a*%20Ray%20(The%20Promised%20Neverland),r
Gillian/Ray (The Promised Neverland),1,/tags/Gillian*s*Ray%20(The%20Promised%20Neverland),r
Emma & Shelly (The Promised Neverland),2,/tags/Emma%20*a*%20Shelly%20(The%20Promised%20Neverland),r
Anna & Barbara & Emma & Gilda (The Promised Neverland),0,/tags/Anna%20*a*%20Barbara%20*a*%20Emma%20*a*%20Gilda%20(The%20Promised%20Neverland),r
Chris & Emma & Shelly (The Promised Neverland),0,/tags/Chris%20*a*%20Emma%20*a*%20Shelly%20(The%20Promised%20Neverland),r
Isabella (The Promised Neverland) & Original Character(s),0,/tags/Isabella%20(The%20Promised%20Neverland)%20*a*%20Original%20Character(s),r
Hurt Emma (The Promised Neverland),7,/tags/Hurt%20Emma%20(The%20Promised%20Neverland),f
Nat (The Promised Neverland)/Reader,1,/tags/Nat%20(The%20Promised%20Neverland)*s*Reader,r
Alicia & Gilda & Gillian & Jemima (The Promised Neverland),0,/tags/Alicia%20*a*%20Gilda%20*a*%20Gillian%20*a*%20Jemima%20(The%20Promised%20Neverland),r
Gilda (The Promised Neverland)/Reader,1,/tags/Gilda%20(The%20Promised%20Neverland)*s*Reader,r
Pre-Chapter 181: Beyond Destiny (The Promised Neverland),1,/tags/Pre-Chapter%20181:%20Beyond%20Destiny%20(The%20Promised%20Neverland),f
Ray (The Promised Neverland)/Uchiha Itachi,0,/tags/Ray%20(The%20Promised%20Neverland)*s*Uchiha%20Itachi,r
Michelle & Olivia (The Promised Neverland),0,/tags/Michelle%20*a*%20Olivia%20(The%20Promised%20Neverland),r
Zine: Reminiscence: The Promised Neverland Scrapbook Zine,1,/tags/Zine:%20Reminiscence:%20The%20Promised%20Neverland%20Scrapbook%20Zine,f
Emma (The Promised Neverland)/Everyone,0,/tags/Emma%20(The%20Promised%20Neverland)*s*Everyone,r
Cislo/Oliver (The Promised Neverland),0,/tags/Cislo*s*Oliver%20(The%20Promised%20Neverland),r
Hayato & Norman (The Promised Neverland),0,/tags/Hayato%20*a*%20Norman%20(The%20Promised%20Neverland),r
Isabella/Peter Ratri,1,/tags/Isabella*s*Peter%20Ratri,r
Gillian & Oliver (The Promised Neverland),1,/tags/Gillian%20*a*%20Oliver%20(The%20Promised%20Neverland),r
Emma & Goldy Pond Ensemble (The Promised Neverland),5,/tags/Emma%20*a*%20Goldy%20Pond%20Ensemble%20(The%20Promised%20Neverland),r
Lucas & Goldy Pond Ensemble (The Promised Neverland),4,/tags/Lucas%20*a*%20Goldy%20Pond%20Ensemble%20(The%20Promised%20Neverland),r
Oliver & Goldy Pond Ensemble (The Promised Neverland),1,/tags/Oliver%20*a*%20Goldy%20Pond%20Ensemble%20(The%20Promised%20Neverland),r
James Ratri & Smee,1,/tags/James%20Ratri%20*a*%20Smee,r
Legravalima/Ray (The Promised Neverland),0,/tags/Legravalima*s*Ray%20(The%20Promised%20Neverland),r
Violet & Zack (The Promised Neverland),1,/tags/Violet%20*a*%20Zack%20(The%20Promised%20Neverland),r
Don/Emma/Gilda/Norman/Ray (The Promised Neverland),0,/tags/Don*s*Emma*s*Gilda*s*Norman*s*Ray%20(The%20Promised%20Neverland),r
Don/Emma (The Promised Neverland),0,/tags/Don*s*Emma%20(The%20Promised%20Neverland),r
RayEmma Week 2022 (The Promised Neverland),2,/tags/RayEmma%20Week%202022%20(The%20Promised%20Neverland),f
Hatake Kakashi/Ray (The Promised Neverland)/Uchiha Itachi,0,/tags/Hatake%20Kakashi*s*Ray%20(The%20Promised%20Neverland)*s*Uchiha%20Itachi,r
Emma & Grace Field House Children & Norman (The Promised Neverland),0,/tags/Emma%20*a*%20Grace%20Field%20House%20Children%20*a*%20Norman%20(The%20Promised%20Neverland),r
William Minerva & Norman,0,/tags/William%20Minerva%20*a*%20Norman,r
Barbara & Ray (The Promised Neverland),0,/tags/Barbara%20*a*%20Ray%20(The%20Promised%20Neverland),r
Cislo & Ray (The Promised Neverland),0,/tags/Cislo%20*a*%20Ray%20(The%20Promised%20Neverland),r
Zine: The Forbidden Game: Goldy Pond Zine (The Promised Neverland),0,/tags/Zine:%20The%20Forbidden%20Game:%20Goldy%20Pond%20Zine%20(The%20Promised%20Neverland),f
Return to Grace Field Arc (The Promised Neverland),1,/tags/Return%20to%20Grace%20Field%20Arc%20(The%20Promised%20Neverland),f
Badass Emma (The Promised Neverland),0,/tags/Badass%20Emma%20(The%20Promised%20Neverland),f
Michelle/Olivia (The Promised Neverland),0,/tags/Michelle*s*Olivia%20(The%20Promised%20Neverland),r
Ayshe & Ayshe's Father (The Promised Neverland),0,/tags/Ayshe%20*a*%20Ayshe's%20Father%20(The%20Promised%20Neverland),r
Sandy/Sonya (The Promised Neverland),0,/tags/Sandy*s*Sonya%20(The%20Promised%20Neverland),r
Nigel (The Promised Neverland)/Reader,1,/tags/Nigel%20(The%20Promised%20Neverland)*s*Reader,r
Gillian (The Promised Neverland)/Reader,1,/tags/Gillian%20(The%20Promised%20Neverland)*s*Reader,r
Ray/Zack (The Promised Neverland),0,/tags/Ray*s*Zack%20(The%20Promised%20Neverland),r
Devola (NieR: Automata)/Yuugo (The Promised Neverland),0,/tags/Devola%20(NieR:%20Automata)*s*Yuugo%20(The%20Promised%20Neverland),r
Popola (NieR: Automata)/Yuugo (The Promised Neverland),0,/tags/Popola%20(NieR:%20Automata)*s*Yuugo%20(The%20Promised%20Neverland),r
Emma & Norman & Ray & Susan (The Promised Neverland),1,/tags/Emma%20*a*%20Norman%20*a*%20Ray%20*a*%20Susan%20(The%20Promised%20Neverland),r
Hayato & Lucas (The Promised Neverland),0,/tags/Hayato%20*a*%20Lucas%20(The%20Promised%20Neverland),r
Jin & Lucas (The Promised Neverland),0,/tags/Jin%20*a*%20Lucas%20(The%20Promised%20Neverland),r
Vincent & Zazie (The Promised Neverland),0,/tags/Vincent%20*a*%20Zazie%20(The%20Promised%20Neverland),r
Oliver/Paula (The Promised Neverland),0,/tags/Oliver*s*Paula%20(The%20Promised%20Neverland),r
Sandy & Sonya (The Promised Neverland),0,/tags/Sandy%20*a*%20Sonya%20(The%20Promised%20Neverland),r
Hayato & Yuugo (The Promised Neverland),0,/tags/Hayato%20*a*%20Yuugo%20(The%20Promised%20Neverland),r
Jin & Yuugo (The Promised Neverland),0,/tags/Jin%20*a*%20Yuugo%20(The%20Promised%20Neverland),r
Cislo & Zazie (The Promised Neverland),0,/tags/Cislo%20*a*%20Zazie%20(The%20Promised%20Neverland),r
Ayshe & Emma & Hayato & Jin & Yuugo (The Promised Neverland),0,/tags/Ayshe%20*a*%20Emma%20*a*%20Hayato%20*a*%20Jin%20*a*%20Yuugo%20(The%20Promised%20Neverland),r
Grace Field House Children & Isabella (The Promised Neverland),3,/tags/Grace%20Field%20House%20Children%20*a*%20Isabella%20(The%20Promised%20Neverland),r
Dominic & Rossi (The Promised Neverland),0,/tags/Dominic%20*a*%20Rossi%20(The%20Promised%20Neverland),r
Chris & Dominic (The Promised Neverland),0,/tags/Chris%20*a*%20Dominic%20(The%20Promised%20Neverland),r
Dominic & Mark (The Promised Neverland),0,/tags/Dominic%20*a*%20Mark%20(The%20Promised%20Neverland),r
Chris & Rossi (The Promised Neverland),0,/tags/Chris%20*a*%20Rossi%20(The%20Promised%20Neverland),r
Mark & Rossi (The Promised Neverland),0,/tags/Mark%20*a*%20Rossi%20(The%20Promised%20Neverland),r
Chris & Mark (The Promised Neverland),0,/tags/Chris%20*a*%20Mark%20(The%20Promised%20Neverland),r
Alicia & Yvette (The Promised Neverland),0,/tags/Alicia%20*a*%20Yvette%20(The%20Promised%20Neverland),r
Marnya/Phil (The Promised Neverland),1,/tags/Marnya*s*Phil%20(The%20Promised%20Neverland),r
Emma (The Promised Neverland)/Kamado Nezuko,0,/tags/Emma%20(The%20Promised%20Neverland)*s*Kamado%20Nezuko,r
Marnya & Phil & Shelly (The Promised Neverland),0,/tags/Marnya%20*a*%20Phil%20*a*%20Shelly%20(The%20Promised%20Neverland),r
Marnya/Shelly (The Promised Neverland),0,/tags/Marnya*s*Shelly%20(The%20Promised%20Neverland),r
Emma is a Ratri (The Promised Neverland),7,/tags/Emma%20is%20a%20Ratri%20(The%20Promised%20Neverland),f
Protective Norman (The Promised Neverland),2,/tags/Protective%20Norman%20(The%20Promised%20Neverland),f
Depressed Ray (The Promised Neverland),1,/tags/Depressed%20Ray%20(The%20Promised%20Neverland),f
Ray Swears a Lot (The Promised Neverland),0,/tags/Ray%20Swears%20a%20Lot%20(The%20Promised%20Neverland),f
Ray is a Mess (The Promised Neverland),5,/tags/Ray%20is%20a%20Mess%20(The%20Promised%20Neverland),f
Emo Ray (The Promised Neverland),1,/tags/Emo%20Ray%20(The%20Promised%20Neverland),f
Escape Arc (The Promised Neverland),0,/tags/Escape%20Arc%20(The%20Promised%20Neverland),f
Norman is a Good Friend (The Promised Neverland),2,/tags/Norman%20is%20a%20Good%20Friend%20(The%20Promised%20Neverland),f
Gilda-centric (The Promised Neverland),1,/tags/Gilda-centric%20(The%20Promised%20Neverland),f
Mentioned Gilda (The Promised Neverland),2,/tags/Mentioned%20Gilda%20(The%20Promised%20Neverland),f
Gracefield House (The Promised Neverland),1,/tags/Gracefield%20House%20(The%20Promised%20Neverland),f
Minor Lucas/Yuugo (The Promised Neverland),3,/tags/Minor%20Lucas*s*Yuugo%20(The%20Promised%20Neverland),f
Mentioned Isabella (The Promised Neverland),5,/tags/Mentioned%20Isabella%20(The%20Promised%20Neverland),f
Top Norman (The Promised Neverland),3,/tags/Top%20Norman%20(The%20Promised%20Neverland),f
Badass Ray (The Promised Neverland),0,/tags/Badass%20Ray%20(The%20Promised%20Neverland),f
Pining Ray (The Promised Neverland),1,/tags/Pining%20Ray%20(The%20Promised%20Neverland),f
Chapter 031: Empty (The Promised Neverland),0,/tags/Chapter%20031:%20Empty%20(The%20Promised%20Neverland),f
Dead Conny (The Promised Neverland),2,/tags/Dead%20Conny%20(The%20Promised%20Neverland),f
Leslie Dies (The Promised Neverland),0,/tags/Leslie%20Dies%20(The%20Promised%20Neverland),f
Emma & Norman & Ray (The Promised Neverland) & Original Female Character(s),1,/tags/Emma%20*a*%20Norman%20*a*%20Ray%20(The%20Promised%20Neverland)%20*a*%20Original%20Female%20Character(s),r
Cecile (The Promised Neverland),2,/tags/Cecile%20(The%20Promised%20Neverland),c
Grace Field Escapees (The Promised Neverland),2,/tags/Grace%20Field%20Escapees%20(The%20Promised%20Neverland),c
Norman (The Promised Neverland)/Other(s),0,/tags/Norman%20(The%20Promised%20Neverland)*s*Other(s),r
Emma & Grace Field House Children (The Promised Neverland),1,/tags/Emma%20*a*%20Grace%20Field%20House%20Children%20(The%20Promised%20Neverland),r
Glory Bell Escapees (The Promised Neverland),1,/tags/Glory%20Bell%20Escapees%20(The%20Promised%20Neverland),c
Grand Valley Ensemble (The Promised Neverland),0,/tags/Grand%20Valley%20Ensemble%20(The%20Promised%20Neverland),c
Emma & Lucas & Yuugo (The Promised Neverland),1,/tags/Emma%20*a*%20Lucas%20*a*%20Yuugo%20(The%20Promised%20Neverland),r
Norman & Grace Field House Children (The Promised Neverland),1,/tags/Norman%20*a*%20Grace%20Field%20House%20Children%20(The%20Promised%20Neverland),r
Cecile/Krone (The Promised Neverland),0,/tags/Cecile*s*Krone%20(The%20Promised%20Neverland),r
Barbara & Cislo & Norman & Vincent & Zazie (The Promised Neverland),1,/tags/Barbara%20*a*%20Cislo%20*a*%20Norman%20*a*%20Vincent%20*a*%20Zazie%20(The%20Promised%20Neverland),r
Don & Gilda & Norman & Ray (The Promised Neverland),0,/tags/Don%20*a*%20Gilda%20*a*%20Norman%20*a*%20Ray%20(The%20Promised%20Neverland),r
Psychopath Norman (The Promised Neverland),0,/tags/Psychopath%20Norman%20(The%20Promised%20Neverland),f
Norman (The Promised Neverland) is a Tease,0,/tags/Norman%20(The%20Promised%20Neverland)%20is%20a%20Tease,f
Soft Norman (The Promised Neverland),1,/tags/Soft%20Norman%20(The%20Promised%20Neverland),f
Switch Emma (The Promised Neverland),0,/tags/Switch%20Emma%20(The%20Promised%20Neverland),f
Witch Emma (The Promised Neverland),0,/tags/Witch%20Emma%20(The%20Promised%20Neverland),f
Wolf Emma (The Promised Neverland),0,/tags/Wolf%20Emma%20(The%20Promised%20Neverland),f
Cute Norman (The Promised Neverland),1,/tags/Cute%20Norman%20(The%20Promised%20Neverland),f
Dark Norman (The Promised Neverland),2,/tags/Dark%20Norman%20(The%20Promised%20Neverland),f
Demon Norman (The Promised Neverland),0,/tags/Demon%20Norman%20(The%20Promised%20Neverland),f
Oblivious Emma (The Promised Neverland),0,/tags/Oblivious%20Emma%20(The%20Promised%20Neverland),f
Insecure Ray (The Promised Neverland),3,/tags/Insecure%20Ray%20(The%20Promised%20Neverland),f
Isabella's Lullaby (The Promised Neverland),2,/tags/Isabella's%20Lullaby%20(The%20Promised%20Neverland),f
Sick Norman (The Promised Neverland),2,/tags/Sick%20Norman%20(The%20Promised%20Neverland),f
Supportive Emma (The Promised Neverland),0,/tags/Supportive%20Emma%20(The%20Promised%20Neverland),f
Emma (The Promised Neverland)/Midoriya Izuku,0,/tags/Emma%20(The%20Promised%20Neverland)*s*Midoriya%20Izuku,r
Sadie | Ceddy (The Promised Neverland),0,/tags/Sadie%20%7C%20Ceddy%20(The%20Promised%20Neverland),c
BAMF Emma (The Promised Neverland),1,/tags/BAMF%20Emma%20(The%20Promised%20Neverland),f
Geelan (The Promised Neverland)/Reader,1,/tags/Geelan%20(The%20Promised%20Neverland)*s*Reader,r
Oliver (The Promised Neverland)/Everyone,0,/tags/Oliver%20(The%20Promised%20Neverland)*s*Everyone,r
Theo (The Promised Neverland),1,/tags/Theo%20(The%20Promised%20Neverland),c
Monica (The Promised Neverland),1,/tags/Monica%20(The%20Promised%20Neverland),c
Jake (The Promised Neverland),1,/tags/Jake%20(The%20Promised%20Neverland),c
Emma (The Promised Neverland) & Freya (God of War),0,/tags/Emma%20(The%20Promised%20Neverland)%20*a*%20Freya%20(God%20of%20War),r
Emma (The Promised Neverland) & Freyr (God of War),0,/tags/Emma%20(The%20Promised%20Neverland)%20*a*%20Freyr%20(God%20of%20War),r
Odin (God of War) & Ray (The Promised Neverland),0,/tags/Odin%20(God%20of%20War)%20*a*%20Ray%20(The%20Promised%20Neverland),r
Kratos (God of War) & Norman (The Promised Neverland),0,/tags/Kratos%20(God%20of%20War)%20*a*%20Norman%20(The%20Promised%20Neverland),r
Faye (God of War) & Norman (The Promised Neverland),0,/tags/Faye%20(God%20of%20War)%20*a*%20Norman%20(The%20Promised%20Neverland),r
Atreus (God of War) & Norman (The Promised Neverland),0,/tags/Atreus%20(God%20of%20War)%20*a*%20Norman%20(The%20Promised%20Neverland),r
Angrboða (God of War) & Norman (The Promised Neverland),0,/tags/Angrbo%C3%B0a%20(God%20of%20War)%20*a*%20Norman%20(The%20Promised%20Neverland),r
Bayon I (The Promised Neverland)/Reader,0,/tags/Bayon%20I%20(The%20Promised%20Neverland)*s*Reader,r
Gilda (The Promised Neverland)/Erwin Walsh,0,/tags/Gilda%20(The%20Promised%20Neverland)*s*Erwin%20Walsh,r
Ray (The Promised Neverland) & Jamie Blarb,0,/tags/Ray%20(The%20Promised%20Neverland)%20*a*%20Jamie%20Blarb,r
Alternate Universe - No Reward (The Promised Neverland),2,/tags/Alternate%20Universe%20-%20No%20Reward%20(The%20Promised%20Neverland),f
Rita (The Promised Neverland),0,/tags/Rita%20(The%20Promised%20Neverland),c
Emma & Norman & Ray (The Promised Neverland) & Original Male Character(s),1,/tags/Emma%20*a*%20Norman%20*a*%20Ray%20(The%20Promised%20Neverland)%20*a*%20Original%20Male%20Character(s),r
Sweet Norman (The Promised Neverland),0,/tags/Sweet%20Norman%20(The%20Promised%20Neverland),f
Christy (The Promised Neverland),1,/tags/Christy%20(The%20Promised%20Neverland),c
Hanemiya Kazutora & Ray (The Promised Neverland),0,/tags/Hanemiya%20Kazutora%20*a*%20Ray%20(The%20Promised%20Neverland),r
Emma (The Promised Neverland) & Mikey | Sano Manjirou,0,/tags/Emma%20(The%20Promised%20Neverland)%20*a*%20Mikey%20%7C%20Sano%20Manjirou,r
Pepe/Sandy (The Promised Neverland),1,/tags/Pepe*s*Sandy%20(The%20Promised%20Neverland),r
Gilda/Norman (The Promised Neverland),3,/tags/Gilda*s*Norman%20(The%20Promised%20Neverland),r
Ayshe (The Promised Neverland)/Diana Cavendish,3,/tags/Ayshe%20(The%20Promised%20Neverland)*s*Diana%20Cavendish,r
Don & Phil (The Promised Neverland),1,/tags/Don%20*a*%20Phil%20(The%20Promised%20Neverland),r
Hayato (The Promised Neverland)/Reader,1,/tags/Hayato%20(The%20Promised%20Neverland)*s*Reader,r
Oliver (The Promised Neverland)/You,1,/tags/Oliver%20(The%20Promised%20Neverland)*s*You,r
Him | The One/Ray (The Promised Neverland),0,/tags/Him%20%7C%20The%20One*s*Ray%20(The%20Promised%20Neverland),r
Kamiya Hiroshi/Peter Ratri,0,/tags/Kamiya%20Hiroshi*s*Peter%20Ratri,r
2B (NieR: Automata) & Lannion (The Promised Neverland),0,/tags/2B%20(NieR:%20Automata)%20*a*%20Lannion%20(The%20Promised%20Neverland),r
Lannion/Thoma (The Promised Neverland),0,/tags/Lannion*s*Thoma%20(The%20Promised%20Neverland),r
Don & Lannion & Thoma (The Promised Neverland),0,/tags/Don%20*a*%20Lannion%20*a*%20Thoma%20(The%20Promised%20Neverland),r
DonGilda Week (The Promised Neverland),0,/tags/DonGilda%20Week%20(The%20Promised%20Neverland),f
Nat (The Promised Neverland)/Original Character(s),0,/tags/Nat%20(The%20Promised%20Neverland)*s*Original%20Character(s),r
Anna/Gillian (The Promised Neverland),1,/tags/Anna*s*Gillian%20(The%20Promised%20Neverland),r
Anna & Gillian (The Promised Neverland),1,/tags/Anna%20*a*%20Gillian%20(The%20Promised%20Neverland),r
Ray (The Promised Neverland) & Yuu | Player (Twisted-Wonderland),0,/tags/Ray%20(The%20Promised%20Neverland)%20*a*%20Yuu%20%7C%20Player%20(Twisted-Wonderland),r
Alex Mikhaylov (The Promised Neverland),5,/tags/Alex%20Mikhaylov%20(The%20Promised%20Neverland),c
Emma & Alex Mikhaylov (The Promised Neverland),1,/tags/Emma%20*a*%20Alex%20Mikhaylov%20(The%20Promised%20Neverland),r
Grace Field House Children (The Promised Neverland) & Original Female Character(s),0,/tags/Grace%20Field%20House%20Children%20(The%20Promised%20Neverland)%20*a*%20Original%20Female%20Character(s),r
Grace Field House Children (The Promised Neverland) & Original Character(s),1,/tags/Grace%20Field%20House%20Children%20(The%20Promised%20Neverland)%20*a*%20Original%20Character(s),r
Isabella (The Promised Neverland) & Original Female Character(s),0,/tags/Isabella%20(The%20Promised%20Neverland)%20*a*%20Original%20Female%20Character(s),r
Phil/Yuugo (The Promised Neverland),0,/tags/Phil*s*Yuugo%20(The%20Promised%20Neverland),r
Class 1-A (My Hero Academia) & Ray (The Promised Neverland),0,/tags/Class%201-A%20(My%20Hero%20Academia)%20*a*%20Ray%20(The%20Promised%20Neverland),r
Emma (The Promised Neverland) & Alfred Pennyworth,0,/tags/Emma%20(The%20Promised%20Neverland)%20*a*%20Alfred%20Pennyworth,r
Batfamily Members & Emma (The Promised Neverland),0,/tags/Batfamily%20Members%20*a*%20Emma%20(The%20Promised%20Neverland),r
Cassandra Cain & Emma (The Promised Neverland),0,/tags/Cassandra%20Cain%20*a*%20Emma%20(The%20Promised%20Neverland),r
Emma (The Promised Neverland) & Dick Grayson,0,/tags/Emma%20(The%20Promised%20Neverland)%20*a*%20Dick%20Grayson,r
Emma (The Promised Neverland) & Jason Todd,0,/tags/Emma%20(The%20Promised%20Neverland)%20*a*%20Jason%20Todd,r
Emma (The Promised Neverland) & Damian Wayne,0,/tags/Emma%20(The%20Promised%20Neverland)%20*a*%20Damian%20Wayne,r
Violet & Goldy Pond Ensemble (The Promised Neverland),1,/tags/Violet%20*a*%20Goldy%20Pond%20Ensemble%20(The%20Promised%20Neverland),r
Norman (The Promised Neverland)/Shinei Nouzen,0,/tags/Norman%20(The%20Promised%20Neverland)*s*Shinei%20Nouzen,r
Overprotective Ray (The Promised Neverland),1,/tags/Overprotective%20Ray%20(The%20Promised%20Neverland),f
Emma & Isabella & Norman & Ray (The Promised Neverland),1,/tags/Emma%20*a*%20Isabella%20*a*%20Norman%20*a*%20Ray%20(The%20Promised%20Neverland),r
Emma (The Promised Neverland) & Hinata Shouyou,0,/tags/Emma%20(The%20Promised%20Neverland)%20*a*%20Hinata%20Shouyou,r
Norman (The Promised Neverland) & Sugawara Koushi,0,/tags/Norman%20(The%20Promised%20Neverland)%20*a*%20Sugawara%20Koushi,r
Yuugo (The Promised Neverland) & Original Character(s),0,/tags/Yuugo%20(The%20Promised%20Neverland)%20*a*%20Original%20Character(s),r
Minor Don/Gilda (The Promised Neverland),0,/tags/Minor%20Don*s*Gilda%20(The%20Promised%20Neverland),f
Emma (The Promised Neverland) & Makima (Chainsaw Man),1,/tags/Emma%20(The%20Promised%20Neverland)%20*a*%20Makima%20(Chainsaw%20Man),r
Makima (Chainsaw Man) & Norman (The Promised Neverland),1,/tags/Makima%20(Chainsaw%20Man)%20*a*%20Norman%20(The%20Promised%20Neverland),r
