tag,count,href,category
Matsuno Karamatsu,5734,/tags/Matsuno%20Karamatsu,c
Matsuno Ichimatsu,4626,/tags/Matsuno%20Ichimatsu,c
Matsuno Jyushimatsu,3821,/tags/Matsuno%20Jyushimatsu,c
Matsuno Osomatsu,5155,/tags/Matsuno%20Osomatsu,c
Matsuno Choromatsu,4197,/tags/Matsuno%20Choromatsu,c
Matsuno Todomatsu,3591,/tags/Matsuno%20Todomatsu,c
Matsuno Ichimatsu/Matsuno Jyushimatsu,387,/tags/Matsuno%20Ichimatsu*s*Matsuno%20Jyushimatsu,r
Matsuno Choromatsu/Matsuno Osomatsu,496,/tags/Matsuno%20Choromatsu*s*Matsuno%20Osomatsu,r
Matsuno Choromatsu/Matsuno Karamatsu,174,/tags/Matsuno%20Choromatsu*s*Matsuno%20Karamatsu,r
Matsuno Choromatsu/Matsuno Ichimatsu,84,/tags/Matsuno%20Choromatsu*s*Matsuno%20Ichimatsu,r
Matsuno Choromatsu/Matsuno Todomatsu,68,/tags/Matsuno%20Choromatsu*s*Matsuno%20Todomatsu,r
Matsuno Ichimatsu & Matsuno Karamatsu,436,/tags/Matsuno%20Ichimatsu%20*a*%20Matsuno%20Karamatsu,r
Matsuno Osomatsu/Matsuno Todomatsu,122,/tags/Matsuno%20Osomatsu*s*Matsuno%20Todomatsu,r
Matsuno Jyushimatsu/Matsuno Karamatsu,106,/tags/Matsuno%20Jyushimatsu*s*Matsuno%20Karamatsu,r
Matsuno Ichimatsu & Matsuno Jyushimatsu,190,/tags/Matsuno%20Ichimatsu%20*a*%20Matsuno%20Jyushimatsu,r
Matsuno Karamatsu/Matsuno Todomatsu,215,/tags/Matsuno%20Karamatsu*s*Matsuno%20Todomatsu,r
Matsuno Ichimatsu/Matsuno Karamatsu,932,/tags/Matsuno%20Ichimatsu*s*Matsuno%20Karamatsu,r
Yowai Totoko,520,/tags/Yowai%20Totoko,c
Matsuno Choromatsu/Matsuno Jyushimatsu,92,/tags/Matsuno%20Choromatsu*s*Matsuno%20Jyushimatsu,r
Matsuno Choromatsu & Matsuno Jyushimatsu,58,/tags/Matsuno%20Choromatsu%20*a*%20Matsuno%20Jyushimatsu,r
Matsuno Karamatsu & Matsuno Todomatsu,171,/tags/Matsuno%20Karamatsu%20*a*%20Matsuno%20Todomatsu,r
Matsuno Jyushimatsu/Matsuno Todomatsu,81,/tags/Matsuno%20Jyushimatsu*s*Matsuno%20Todomatsu,r
Matsuno Jyushimatsu & Matsuno Karamatsu,100,/tags/Matsuno%20Jyushimatsu%20*a*%20Matsuno%20Karamatsu,r
Homura/Matsuno Jyushimatsu,206,/tags/Homura*s*Matsuno%20Jyushimatsu,r
Matsuno Choromatsu/Reader,269,/tags/Matsuno%20Choromatsu*s*Reader,r
Matsuno Ichimatsu/Matsuno Osomatsu,207,/tags/Matsuno%20Ichimatsu*s*Matsuno%20Osomatsu,r
Matsuno Matsuyo,600,/tags/Matsuno%20Matsuyo,c
Matsuno Karamatsu/Reader,472,/tags/Matsuno%20Karamatsu*s*Reader,r
Matsuno Ichimatsu/Matsuno Todomatsu,80,/tags/Matsuno%20Ichimatsu*s*Matsuno%20Todomatsu,r
Matsuno Todomatsu/Reader,259,/tags/Matsuno%20Todomatsu*s*Reader,r
Matsuno Osomatsu/Reader,385,/tags/Matsuno%20Osomatsu*s*Reader,r
Matsuno Jyushimatsu/Reader,234,/tags/Matsuno%20Jyushimatsu*s*Reader,r
Matsuno Ichimatsu/Reader,422,/tags/Matsuno%20Ichimatsu*s*Reader,r
Matsuno Jyushimatsu & Matsuno Todomatsu,66,/tags/Matsuno%20Jyushimatsu%20*a*%20Matsuno%20Todomatsu,r
Matsuno Ichimatsu & Matsuno Todomatsu,68,/tags/Matsuno%20Ichimatsu%20*a*%20Matsuno%20Todomatsu,r
Chibita/Matsuno Karamatsu,243,/tags/Chibita*s*Matsuno%20Karamatsu,r
Matsuno Karamatsu/Matsuno Osomatsu,553,/tags/Matsuno%20Karamatsu*s*Matsuno%20Osomatsu,r
Matsuno Osomatsu/Yowai Totoko,70,/tags/Matsuno%20Osomatsu*s*Yowai%20Totoko,r
Matsuno Matsuzo,401,/tags/Matsuno%20Matsuzo,c
Barack Obama/Matsuno Ichimatsu,1,/tags/Barack%20Obama*s*Matsuno%20Ichimatsu,r
Matsuno Choromatsu & Matsuno Osomatsu,263,/tags/Matsuno%20Choromatsu%20*a*%20Matsuno%20Osomatsu,r
Matsuno Karamatsu/Matsuno Osomatsu/Matsuno Todomatsu,18,/tags/Matsuno%20Karamatsu*s*Matsuno%20Osomatsu*s*Matsuno%20Todomatsu,r
Matsuno Ichimatsu & Matsuno Osomatsu,153,/tags/Matsuno%20Ichimatsu%20*a*%20Matsuno%20Osomatsu,r
Hashimoto Nyaa,175,/tags/Hashimoto%20Nyaa,c
Matsuno Ichimatsu/Matsuno Karamatsu/Matsuno Todomatsu,7,/tags/Matsuno%20Ichimatsu*s*Matsuno%20Karamatsu*s*Matsuno%20Todomatsu,r
Hashimoto Nyaa/Matsuno Choromatsu,17,/tags/Hashimoto%20Nyaa*s*Matsuno%20Choromatsu,r
Matsuno Karamatsu & Matsuno Osomatsu,637,/tags/Matsuno%20Karamatsu%20*a*%20Matsuno%20Osomatsu,r
Matsuno Ichimatsu/Matsuno Jyushimatsu/Matsuno Todomatsu,7,/tags/Matsuno%20Ichimatsu*s*Matsuno%20Jyushimatsu*s*Matsuno%20Todomatsu,r
Chibita/Matsuno Osomatsu,12,/tags/Chibita*s*Matsuno%20Osomatsu,r
Matsuno Choromatsu/Matsuno Karamatsu/Matsuno Osomatsu,5,/tags/Matsuno%20Choromatsu*s*Matsuno%20Karamatsu*s*Matsuno%20Osomatsu,r
Matsuno Jyushimatsu/Matsuno Osomatsu,56,/tags/Matsuno%20Jyushimatsu*s*Matsuno%20Osomatsu,r
Matsuno Ichimatsu & Matsuno Jyushimatsu & Matsuno Karamatsu,7,/tags/Matsuno%20Ichimatsu%20*a*%20Matsuno%20Jyushimatsu%20*a*%20Matsuno%20Karamatsu,r
Matsuno Choromatsu/Original Character(s),40,/tags/Matsuno%20Choromatsu*s*Original%20Character(s),r
Matsuno Ichimatsu/Original Character(s),39,/tags/Matsuno%20Ichimatsu*s*Original%20Character(s),r
Matsuno Jyushimatsu/Original Character(s),13,/tags/Matsuno%20Jyushimatsu*s*Original%20Character(s),r
Matsuno Karamatsu/Original Character(s),57,/tags/Matsuno%20Karamatsu*s*Original%20Character(s),r
Matsuno Osomatsu/Original Character(s),29,/tags/Matsuno%20Osomatsu*s*Original%20Character(s),r
Matsuno Todomatsu/Original Character(s),15,/tags/Matsuno%20Todomatsu*s*Original%20Character(s),r
Matsuno Ichimatsu & Yowai Totoko,1,/tags/Matsuno%20Ichimatsu%20*a*%20Yowai%20Totoko,r
Chibita & Matsuno Karamatsu,72,/tags/Chibita%20*a*%20Matsuno%20Karamatsu,r
Matsuno Choromatsu/Matsuno Ichimatsu/Matsuno Osomatsu,4,/tags/Matsuno%20Choromatsu*s*Matsuno%20Ichimatsu*s*Matsuno%20Osomatsu,r
Hashimoto Nyaa/Matsuno Osomatsu,8,/tags/Hashimoto%20Nyaa*s*Matsuno%20Osomatsu,r
Chibita & Matsuno Ichimatsu,3,/tags/Chibita%20*a*%20Matsuno%20Ichimatsu,r
Matsuno Karamatsu/Sawada Tsunayoshi,1,/tags/Matsuno%20Karamatsu*s*Sawada%20Tsunayoshi,r
Matsuno Ichimatsu/Matsuno Karamatsu/Matsuno Osomatsu,38,/tags/Matsuno%20Ichimatsu*s*Matsuno%20Karamatsu*s*Matsuno%20Osomatsu,r
Matsuno Todomatsu/Oikawa Tooru,0,/tags/Matsuno%20Todomatsu*s*Oikawa%20Tooru,r
Matsuno Ichimatsu/Matsuno Jyushimatsu/Matsuno Karamatsu,9,/tags/Matsuno%20Ichimatsu*s*Matsuno%20Jyushimatsu*s*Matsuno%20Karamatsu,r
Matt Major/Matsuno Todomatsu,0,/tags/Matt%20Major*s*Matsuno%20Todomatsu,r
Matsuno Osomatsu/Tougou,83,/tags/Matsuno%20Osomatsu*s*Tougou,r
Matsuno Choromatsu/Matsuno Osomatsu/Matsuno Todomatsu,3,/tags/Matsuno%20Choromatsu*s*Matsuno%20Osomatsu*s*Matsuno%20Todomatsu,r
Matsuno Todomatsu/Everyone,4,/tags/Matsuno%20Todomatsu*s*Everyone,r
Matsuno Choromatsu & Matsuno Karamatsu,180,/tags/Matsuno%20Choromatsu%20*a*%20Matsuno%20Karamatsu,r
Matsuno Choromatsu/Matsuno Ichimatsu/Matsuno Jyushimatsu,0,/tags/Matsuno%20Choromatsu*s*Matsuno%20Ichimatsu*s*Matsuno%20Jyushimatsu,r
Matsuno Kamimatsu,35,/tags/Matsuno%20Kamimatsu,c
Matsuno Akumatsu,46,/tags/Matsuno%20Akumatsu,c
Matsuno Karamatsu & Reader,124,/tags/Matsuno%20Karamatsu%20*a*%20Reader,r
Atsushi (Osomatsu),323,/tags/Atsushi%20(Osomatsu),c
Matsuno Jyushimatsu & Matsuno Osomatsu,68,/tags/Matsuno%20Jyushimatsu%20*a*%20Matsuno%20Osomatsu,r
Matsuno Osomatsu & Matsuno Todomatsu,106,/tags/Matsuno%20Osomatsu%20*a*%20Matsuno%20Todomatsu,r
Iyami/Matsuno Karamatsu,4,/tags/Iyami*s*Matsuno%20Karamatsu,r
Atsushi/Matsuno Todomatsu,200,/tags/Atsushi*s*Matsuno%20Todomatsu,r
Matsuno Osomatsu & Reader,92,/tags/Matsuno%20Osomatsu%20*a*%20Reader,r
Matsuno Choromatsu & Reader,56,/tags/Matsuno%20Choromatsu%20*a*%20Reader,r
Matsuno Ichimatsu & Reader,70,/tags/Matsuno%20Ichimatsu%20*a*%20Reader,r
Matsuno Jyushimatsu & Reader,40,/tags/Matsuno%20Jyushimatsu%20*a*%20Reader,r
Matsuno Todomatsu & Reader,42,/tags/Matsuno%20Todomatsu%20*a*%20Reader,r
Atsushi & Matsuno Todomatsu,31,/tags/Atsushi%20*a*%20Matsuno%20Todomatsu,r
Yowai Totoko/Reader,12,/tags/Yowai%20Totoko*s*Reader,r
Christmas Couple (Osomatsu),63,/tags/Christmas%20Couple%20(Osomatsu),c
Matsuno Jyushimatsu/Matsuno Karamatsu/Matsuno Osomatsu,2,/tags/Matsuno%20Jyushimatsu*s*Matsuno%20Karamatsu*s*Matsuno%20Osomatsu,r
Matsuno Choromatsu & Matsuno Ichimatsu,103,/tags/Matsuno%20Choromatsu%20*a*%20Matsuno%20Ichimatsu,r
Matsuno Osomatsu/Nishinoya Yuu,0,/tags/Matsuno%20Osomatsu*s*Nishinoya%20Yuu,r
Shaolin (Osomatsu),2,/tags/Shaolin%20(Osomatsu),c
Sachiko (Osomatsu),31,/tags/Sachiko%20(Osomatsu),c
Aida (Osomatsu),51,/tags/Aida%20(Osomatsu),c
Matsuno Karamatsu/Todoko,1,/tags/Matsuno%20Karamatsu*s*Todoko,r
Matsuno Ichimatsu & Tougou,1,/tags/Matsuno%20Ichimatsu%20*a*%20Tougou,r
Matsuno Osomatsu & Yowai Totoko,30,/tags/Matsuno%20Osomatsu%20*a*%20Yowai%20Totoko,r
Choroko/Matsuno Karamatsu,1,/tags/Choroko*s*Matsuno%20Karamatsu,r
Hashimoto Nyaa/Yowai Totoko,35,/tags/Hashimoto%20Nyaa*s*Yowai%20Totoko,r
Matsuno Karamatsu/Tateyama Ayano,4,/tags/Matsuno%20Karamatsu*s*Tateyama%20Ayano,r
Matsuno Choromatsu & Matsuno Todomatsu,75,/tags/Matsuno%20Choromatsu%20*a*%20Matsuno%20Todomatsu,r
Chibita/Matsuno Choromatsu,3,/tags/Chibita*s*Matsuno%20Choromatsu,r
Matsuno Matsuyo & Matsuno Osomatsu,14,/tags/Matsuno%20Matsuyo%20*a*%20Matsuno%20Osomatsu,r
Atsushi/Matsuno Ichimatsu,7,/tags/Atsushi*s*Matsuno%20Ichimatsu,r
Matsuno Karamatsu & Matsuno Matsuzo,3,/tags/Matsuno%20Karamatsu%20*a*%20Matsuno%20Matsuzo,r
Dayon Tribe Girl/Matsuno Choromatsu,4,/tags/Dayon%20Tribe%20Girl*s*Matsuno%20Choromatsu,r
Chibita/Matsuno Jyushimatsu,1,/tags/Chibita*s*Matsuno%20Jyushimatsu,r
Chibita & Matsuno Jyushimatsu,0,/tags/Chibita%20*a*%20Matsuno%20Jyushimatsu,r
Matsuno Matsuyo/Matsuno Matsuzo,18,/tags/Matsuno%20Matsuyo*s*Matsuno%20Matsuzo,r
Matsuno Karamatsu/Tougou,4,/tags/Matsuno%20Karamatsu*s*Tougou,r
Matsuno Choromatsu/Tougou,0,/tags/Matsuno%20Choromatsu*s*Tougou,r
Matsuno Ichimatsu/Tougou,0,/tags/Matsuno%20Ichimatsu*s*Tougou,r
Yowai Totoko/Original Character(s),4,/tags/Yowai%20Totoko*s*Original%20Character(s),r
Matsuno Todomatsu/Tougou,0,/tags/Matsuno%20Todomatsu*s*Tougou,r
Matsuno Jyushimatsu/Tougou,1,/tags/Matsuno%20Jyushimatsu*s*Tougou,r
Iyami/Matsuno Ichimatsu/Matsuno Jyushimatsu/Matsuno Karamatsu/Matsuno Osomatsu/Matsuno Todomatsu,1,/tags/Iyami*s*Matsuno%20Ichimatsu*s*Matsuno%20Jyushimatsu*s*Matsuno%20Karamatsu*s*Matsuno%20Osomatsu*s*Matsuno%20Todomatsu,r
Chibita/Matsuno Choromatsu/Matsuno Osomatsu,0,/tags/Chibita*s*Matsuno%20Choromatsu*s*Matsuno%20Osomatsu,r
Matsuno Ichimatsu/Yowai Totoko/Reader,0,/tags/Matsuno%20Ichimatsu*s*Yowai%20Totoko*s*Reader,r
Matsuno Ichimatsu/Matsuno Osomatsu/Reader,1,/tags/Matsuno%20Ichimatsu*s*Matsuno%20Osomatsu*s*Reader,r
Matsuno Ichimatsu/Matsuno Karamatsu/Matsuno Osomatsu/Matsuno Todomatsu,1,/tags/Matsuno%20Ichimatsu*s*Matsuno%20Karamatsu*s*Matsuno%20Osomatsu*s*Matsuno%20Todomatsu,r
Matsuno Karamatsu & Matsuno Matsuyo,9,/tags/Matsuno%20Karamatsu%20*a*%20Matsuno%20Matsuyo,r
Homura & Matsuno Jyushimatsu,35,/tags/Homura%20*a*%20Matsuno%20Jyushimatsu,r
Matsuno Choromatsu/Matsuno Karamatsu/Matsuno Osomatsu/Matsuno Todomatsu,0,/tags/Matsuno%20Choromatsu*s*Matsuno%20Karamatsu*s*Matsuno%20Osomatsu*s*Matsuno%20Todomatsu,r
Iyami/Matsuno Osomatsu,12,/tags/Iyami*s*Matsuno%20Osomatsu,r
Matsuno Choromatsu/Matsuno Ichimatsu/Matsuno Karamatsu,5,/tags/Matsuno%20Choromatsu*s*Matsuno%20Ichimatsu*s*Matsuno%20Karamatsu,r
Pretty Flower Fairy (Osomatsu),20,/tags/Pretty%20Flower%20Fairy%20(Osomatsu),c
Matsuno Karamatsu & Original Character(s),5,/tags/Matsuno%20Karamatsu%20*a*%20Original%20Character(s),r
Matsuno Choromatsu/Yowai Totoko,7,/tags/Matsuno%20Choromatsu*s*Yowai%20Totoko,r
Hashimoto Nyaa & Yowai Totoko,7,/tags/Hashimoto%20Nyaa%20*a*%20Yowai%20Totoko,r
ESP Kitty & Matsuno Choromatsu,0,/tags/ESP%20Kitty%20*a*%20Matsuno%20Choromatsu,r
ESP Kitty & Matsuno Ichimatsu,4,/tags/ESP%20Kitty%20*a*%20Matsuno%20Ichimatsu,r
Matsuno Ichimatsu/Matsuno Karamatsu/Reader,2,/tags/Matsuno%20Ichimatsu*s*Matsuno%20Karamatsu*s*Reader,r
Aida/Matsuno Todomatsu,0,/tags/Aida*s*Matsuno%20Todomatsu,r
Matsuno Kamimatsu/Reader,3,/tags/Matsuno%20Kamimatsu*s*Reader,r
Matsuno Kamimatsu & Reader,0,/tags/Matsuno%20Kamimatsu%20*a*%20Reader,r
Matsuno Akumatsu/Reader,6,/tags/Matsuno%20Akumatsu*s*Reader,r
Matsuno Akumatsu & Reader,0,/tags/Matsuno%20Akumatsu%20*a*%20Reader,r
Christmas Couple Female (Osomatsu),5,/tags/Christmas%20Couple%20Female%20(Osomatsu),c
Christmas Couple Male (Osomatsu),4,/tags/Christmas%20Couple%20Male%20(Osomatsu),c
Christmas Couple & Matsuno Ichimatsu,6,/tags/Christmas%20Couple%20*a*%20Matsuno%20Ichimatsu,r
Christmas Couple/Matsuno Ichimatsu,18,/tags/Christmas%20Couple*s*Matsuno%20Ichimatsu,r
Jean Kirstein/Matsuno Choromatsu,1,/tags/Jean%20Kirstein*s*Matsuno%20Choromatsu,r
Matsuno Ichimatsu/Todoko,1,/tags/Matsuno%20Ichimatsu*s*Todoko,r
Todoko (Osomatsu),11,/tags/Todoko%20(Osomatsu),c
Osoko (Osomatsu),16,/tags/Osoko%20(Osomatsu),c
Matsuno Osomatsu & Tougou,46,/tags/Matsuno%20Osomatsu%20*a*%20Tougou,r
Hatabou (Osomatsu),63,/tags/Hatabou%20(Osomatsu),c
Chibita & Matsuno Osomatsu,12,/tags/Chibita%20*a*%20Matsuno%20Osomatsu,r
Chibita & Yowai Totoko,4,/tags/Chibita%20*a*%20Yowai%20Totoko,r
Hashimoto Nyaa & Matsuno Choromatsu,4,/tags/Hashimoto%20Nyaa%20*a*%20Matsuno%20Choromatsu,r
Matsuno Jyushimatsu & Yowai Totoko,2,/tags/Matsuno%20Jyushimatsu%20*a*%20Yowai%20Totoko,r
Matsuno Todomatsu & Yowai Totoko,3,/tags/Matsuno%20Todomatsu%20*a*%20Yowai%20Totoko,r
Matsuno Karamatsu/Yowai Totoko,11,/tags/Matsuno%20Karamatsu*s*Yowai%20Totoko,r
Matsuno Ichimatsu/Yowai Totoko,6,/tags/Matsuno%20Ichimatsu*s*Yowai%20Totoko,r
Matsuno Jyushimatsu/Yowai Totoko,2,/tags/Matsuno%20Jyushimatsu*s*Yowai%20Totoko,r
Matsuno Todomatsu/Yowai Totoko,5,/tags/Matsuno%20Todomatsu*s*Yowai%20Totoko,r
Matsuno Ichimatsu/Matsuno Todomasu,1,/tags/Matsuno%20Ichimatsu*s*Matsuno%20Todomasu,r
Matsuno Matsuzo & Matsuno Osomatsu,6,/tags/Matsuno%20Matsuzo%20*a*%20Matsuno%20Osomatsu,r
Hijirisawa Shonosuke,9,/tags/Hijirisawa%20Shonosuke,c
Matsuno Osomatsu/Original Female Character(s),5,/tags/Matsuno%20Osomatsu*s*Original%20Female%20Character(s),r
Matsuno Karamatsu/Original Female Character(s),3,/tags/Matsuno%20Karamatsu*s*Original%20Female%20Character(s),r
Matsuno Choromatsu/Original Female Character(s),1,/tags/Matsuno%20Choromatsu*s*Original%20Female%20Character(s),r
Matsuno Ichimatsu/Original Female Character(s),8,/tags/Matsuno%20Ichimatsu*s*Original%20Female%20Character(s),r
Matsuno Todomatsu/Original Female Character(s),0,/tags/Matsuno%20Todomatsu*s*Original%20Female%20Character(s),r
Atsushi/Matsuno Karamatsu,15,/tags/Atsushi*s*Matsuno%20Karamatsu,r
Atsushi/Matsuno Osomatsu,2,/tags/Atsushi*s*Matsuno%20Osomatsu,r
Atsushi/Matsuno Choromatsu,4,/tags/Atsushi*s*Matsuno%20Choromatsu,r
Atsushi/Matsuno Jyushimatsu,5,/tags/Atsushi*s*Matsuno%20Jyushimatsu,r
Matsuno Choromatsu/Matsuno Jyushimatsu/Matsuno Todomatsu,0,/tags/Matsuno%20Choromatsu*s*Matsuno%20Jyushimatsu*s*Matsuno%20Todomatsu,r
Matsuno Osomatsu/Osoko,3,/tags/Matsuno%20Osomatsu*s*Osoko,r
Matsuno Matsuyo & Matsuno Matsuzo,4,/tags/Matsuno%20Matsuyo%20*a*%20Matsuno%20Matsuzo,r
Yowai Totoko & Reader,2,/tags/Yowai%20Totoko%20*a*%20Reader,r
Kusosuke (Osomatsu),4,/tags/Kusosuke%20(Osomatsu),c
Kusosuke/Matsuno Todomatsu,0,/tags/Kusosuke*s*Matsuno%20Todomatsu,r
Matsuno Todomatsu/Sachiko,1,/tags/Matsuno%20Todomatsu*s*Sachiko,r
Matsuno Ichimatsu/Matsuno Jyushimatsu/Matsuno Osomatsu,1,/tags/Matsuno%20Ichimatsu*s*Matsuno%20Jyushimatsu*s*Matsuno%20Osomatsu,r
Jiguzou (Osomatsu),6,/tags/Jiguzou%20(Osomatsu),c
Honkan (Osomatsu),1,/tags/Honkan%20(Osomatsu),c
Oil Magnate (Osomatsu),1,/tags/Oil%20Magnate%20(Osomatsu),c
Oil Magnate/Yowai Totoko,0,/tags/Oil%20Magnate*s*Yowai%20Totoko,r
Matsuno Ichimatsu & Matsuno Matsuyo,0,/tags/Matsuno%20Ichimatsu%20*a*%20Matsuno%20Matsuyo,r
Matsuno Matsuzo & Matsuno Sextuplets,4,/tags/Matsuno%20Matsuzo%20*a*%20Matsuno%20Sextuplets,r
Matsuno Matsuyo & Matsuno Sextuplets,4,/tags/Matsuno%20Matsuyo%20*a*%20Matsuno%20Sextuplets,r
Adolf Hitler/Matsuno Ichimatsu,0,/tags/Adolf%20Hitler*s*Matsuno%20Ichimatsu,r
Matsuno Karamatsu & Yowai Totoko,8,/tags/Matsuno%20Karamatsu%20*a*%20Yowai%20Totoko,r
Matsuno Choromatsu & Yowai Totoko,4,/tags/Matsuno%20Choromatsu%20*a*%20Yowai%20Totoko,r
Iyami & Matsuno Choromatsu,2,/tags/Iyami%20*a*%20Matsuno%20Choromatsu,r
Iyami & Matsuno Osomatsu,4,/tags/Iyami%20*a*%20Matsuno%20Osomatsu,r
Matsuno Ichimatsu/Nozaki Kei,0,/tags/Matsuno%20Ichimatsu*s*Nozaki%20Kei,r
Anarchy Panty/Matsuno Osomatsu,0,/tags/Anarchy%20Panty*s*Matsuno%20Osomatsu,r
Anarchy Stocking/Matsuno Ichimatsu,0,/tags/Anarchy%20Stocking*s*Matsuno%20Ichimatsu,r
Hashimoto Nyaa/Reader,2,/tags/Hashimoto%20Nyaa*s*Reader,r
Chibita & Matsuno Choromatsu,1,/tags/Chibita%20*a*%20Matsuno%20Choromatsu,r
Matsuno Ichimatsu/Matsuno Karamatsu/Original Character(s),0,/tags/Matsuno%20Ichimatsu*s*Matsuno%20Karamatsu*s*Original%20Character(s),r
Matsuno Karamatsu/Shrek (Shrek),0,/tags/Matsuno%20Karamatsu*s*Shrek%20(Shrek),r
Futsuumaru/Matsuno Todomatsu,1,/tags/Futsuumaru*s*Matsuno%20Todomatsu,r
Futsuumaru & Matsuno Todomatsu,0,/tags/Futsuumaru%20*a*%20Matsuno%20Todomatsu,r
Futsuumaru (Osomatsu),7,/tags/Futsuumaru%20(Osomatsu),c
Matsuno Karamatsu/Matsuno Karamatsu,22,/tags/Matsuno%20Karamatsu*s*Matsuno%20Karamatsu,r
Coachmatsu (Osomatsu),0,/tags/Coachmatsu%20(Osomatsu),c
Matsuno Todomatsu/Shrek (Shrek),1,/tags/Matsuno%20Todomatsu*s*Shrek%20(Shrek),r
Matsuno Osomatsu/Matsuno Osomatsu,10,/tags/Matsuno%20Osomatsu*s*Matsuno%20Osomatsu,r
Matsuno Choromatsu/Matsuno Ichimatsu/Matsuno Todomatsu,0,/tags/Matsuno%20Choromatsu*s*Matsuno%20Ichimatsu*s*Matsuno%20Todomatsu,r
Matsuno Jyushimatsu/Matsuno Karamatsu/Matsuno Todomatsu,0,/tags/Matsuno%20Jyushimatsu*s*Matsuno%20Karamatsu*s*Matsuno%20Todomatsu,r
Matsuno Ichimatsu/Tachibana Makoto,0,/tags/Matsuno%20Ichimatsu*s*Tachibana%20Makoto,r
Atsushi & Tougou (Osomatsu),8,/tags/Atsushi%20*a*%20Tougou%20(Osomatsu),r
Matsuno Choromatsu/Matsuno Osomatsu/Tougou,1,/tags/Matsuno%20Choromatsu*s*Matsuno%20Osomatsu*s*Tougou,r
Matsuno Karamatsu & Matsuno Karamatsu,10,/tags/Matsuno%20Karamatsu%20*a*%20Matsuno%20Karamatsu,r
Matsuno Akumatsu/Matsuno Jyushimatsu,2,/tags/Matsuno%20Akumatsu*s*Matsuno%20Jyushimatsu,r
Barack Obama/Matsuno Choromatsu,0,/tags/Barack%20Obama*s*Matsuno%20Choromatsu,r
Matsuno Akumatsu/Matsuno Choromatsu,0,/tags/Matsuno%20Akumatsu*s*Matsuno%20Choromatsu,r
Matsuno Kamimatsu & Matsuno Karamatsu,0,/tags/Matsuno%20Kamimatsu%20*a*%20Matsuno%20Karamatsu,r
Matsuno Choromatsu/Matsuno Karamatsu/Matsuno Todomatsu,1,/tags/Matsuno%20Choromatsu*s*Matsuno%20Karamatsu*s*Matsuno%20Todomatsu,r
Matsuno Choromatsu & Matsuno Matsuyo,2,/tags/Matsuno%20Choromatsu%20*a*%20Matsuno%20Matsuyo,r
Matsuno Choromatsu & Matsuno Matsuzo,0,/tags/Matsuno%20Choromatsu%20*a*%20Matsuno%20Matsuzo,r
Matsuno Ichimatsu & Matsuno Matsuzo,1,/tags/Matsuno%20Ichimatsu%20*a*%20Matsuno%20Matsuzo,r
Matsuno Jyushimatsu & Matsuno Matsuyo,1,/tags/Matsuno%20Jyushimatsu%20*a*%20Matsuno%20Matsuyo,r
Matsuno Jyushimatsu & Matsuno Matsuzo,1,/tags/Matsuno%20Jyushimatsu%20*a*%20Matsuno%20Matsuzo,r
Aida & Sachiko (Osomatsu),1,/tags/Aida%20*a*%20Sachiko%20(Osomatsu),r
Aida/Sachiko (Osomatsu),1,/tags/Aida*s*Sachiko%20(Osomatsu),r
Hijirisawa Shonosuke & Matsuno Jyushimatsu,0,/tags/Hijirisawa%20Shonosuke%20*a*%20Matsuno%20Jyushimatsu,r
Matsuno Matsuyo & Matsuno Todomatsu,1,/tags/Matsuno%20Matsuyo%20*a*%20Matsuno%20Todomatsu,r
Matsuno Matsuzo & Matsuno Todomatsu,0,/tags/Matsuno%20Matsuzo%20*a*%20Matsuno%20Todomatsu,r
Matsuno Karamatsu/Everyone,2,/tags/Matsuno%20Karamatsu*s*Everyone,r
Atsushi/Chibita (Osomatsu),2,/tags/Atsushi*s*Chibita%20(Osomatsu),r
Tetsu/Tougou (Osomatsu),2,/tags/Tetsu*s*Tougou%20(Osomatsu),r
Matsuno Ichimatsu/Mettaton (Undertale),0,/tags/Matsuno%20Ichimatsu*s*Mettaton%20(Undertale),r
Chibita (Osomatsu),438,/tags/Chibita%20(Osomatsu),c
Dayon (Osomatsu),68,/tags/Dayon%20(Osomatsu),c
Dekapan (Osomatsu),122,/tags/Dekapan%20(Osomatsu),c
ESP Kitty (Osomatsu),36,/tags/ESP%20Kitty%20(Osomatsu),c
Iyami (Osomatsu),179,/tags/Iyami%20(Osomatsu),c
Homura & Yowai Totoko,0,/tags/Homura%20*a*%20Yowai%20Totoko,r
Homura & Matsuno Osomatsu,3,/tags/Homura%20*a*%20Matsuno%20Osomatsu,r
Matsuno Karamatsu/Dilma Rousseff,0,/tags/Matsuno%20Karamatsu*s*Dilma%20Rousseff,r
Armin Arlert/Iyami (Osomatsu),0,/tags/Armin%20Arlert*s*Iyami%20(Osomatsu),r
Hisoka (Hunter X Hunter)/Matsuno Karamatsu,0,/tags/Hisoka%20(Hunter%20X%20Hunter)*s*Matsuno%20Karamatsu,r
Chibita & Iyami (Osomatsu),9,/tags/Chibita%20*a*%20Iyami%20(Osomatsu),r
Chibita (Osomatsu)/Reader,1,/tags/Chibita%20(Osomatsu)*s*Reader,r
Chibita (Osomatsu) & Reader,0,/tags/Chibita%20(Osomatsu)%20*a*%20Reader,r
Hatabou (Osomatsu)/Reader,1,/tags/Hatabou%20(Osomatsu)*s*Reader,r
Iyami (Osomatsu)/Reader,2,/tags/Iyami%20(Osomatsu)*s*Reader,r
Iyami (Osomatsu) & Original Character(s),1,/tags/Iyami%20(Osomatsu)%20*a*%20Original%20Character(s),r
Chibita/Pretty Flower Fairy (Osomatsu),4,/tags/Chibita*s*Pretty%20Flower%20Fairy%20(Osomatsu),r
Matsuno Choromatsu/Matsuno Choromatsu,19,/tags/Matsuno%20Choromatsu*s*Matsuno%20Choromatsu,r
Matsuno Osomatsu/Tetsu/Tougou,0,/tags/Matsuno%20Osomatsu*s*Tetsu*s*Tougou,r
Matsuno Ichimatsu/Matsuno Ichimatsu,0,/tags/Matsuno%20Ichimatsu*s*Matsuno%20Ichimatsu,r
Iyami/Kaoru (Osomatsu),0,/tags/Iyami*s*Kaoru%20(Osomatsu),r
Matsuno Jyushimatsu/Matsuno Jyushimatsu,6,/tags/Matsuno%20Jyushimatsu*s*Matsuno%20Jyushimatsu,r
Matsuno Choromatsu/Everyone,4,/tags/Matsuno%20Choromatsu*s*Everyone,r
Matsuno Ichimatsu/Everyone,5,/tags/Matsuno%20Ichimatsu*s*Everyone,r
Matsuno Jyushimatsu/Everyone,3,/tags/Matsuno%20Jyushimatsu*s*Everyone,r
Matsuno Osomatsu/Everyone,1,/tags/Matsuno%20Osomatsu*s*Everyone,r
Matsuno Sextuplets/Tougou,0,/tags/Matsuno%20Sextuplets*s*Tougou,r
Matsuno Sextuplets & Yowai Totoko,4,/tags/Matsuno%20Sextuplets%20*a*%20Yowai%20Totoko,r
Matsuno Choromatsu/Ichimatsu/Jyushimatsu/Karamatsu/Osomatsu/Todomatsu,8,/tags/Matsuno%20Choromatsu*s*Ichimatsu*s*Jyushimatsu*s*Karamatsu*s*Osomatsu*s*Todomatsu,r
Matsuno Family (Osomatsu),32,/tags/Matsuno%20Family%20(Osomatsu),c
Matsuno Sextuplets (Osomatsu),234,/tags/Matsuno%20Sextuplets%20(Osomatsu),c
Matsuno Ichimatsu & Original Character(s),3,/tags/Matsuno%20Ichimatsu%20*a*%20Original%20Character(s),r
Matsuno Karamatsu & Everyone,41,/tags/Matsuno%20Karamatsu%20*a*%20Everyone,r
Atsushi & Matsuno Osomatsu,2,/tags/Atsushi%20*a*%20Matsuno%20Osomatsu,r
Atsushi & Matsuno Karamatsu,5,/tags/Atsushi%20*a*%20Matsuno%20Karamatsu,r
Atsushi & Matsuno Choromatsu,1,/tags/Atsushi%20*a*%20Matsuno%20Choromatsu,r
Atsushi & Matsuno Ichimatsu,3,/tags/Atsushi%20*a*%20Matsuno%20Ichimatsu,r
Atsushi & Matsuno Jyushimatsu,0,/tags/Atsushi%20*a*%20Matsuno%20Jyushimatsu,r
Jiguzou (Osomatsu) & Reader,0,/tags/Jiguzou%20(Osomatsu)%20*a*%20Reader,r
Matsuno Choromatsu/Other(s),2,/tags/Matsuno%20Choromatsu*s*Other(s),r
Matsuno Osomatsu/Other(s),1,/tags/Matsuno%20Osomatsu*s*Other(s),r
Chibita/Matsuno Ichimatsu,3,/tags/Chibita*s*Matsuno%20Ichimatsu,r
Hashimoto Nyaa & Matsuno Ichimatsu,0,/tags/Hashimoto%20Nyaa%20*a*%20Matsuno%20Ichimatsu,r
Matsuno Karamatsu/Other(s),0,/tags/Matsuno%20Karamatsu*s*Other(s),r
Matsuno Osomatsu/Tetsu,3,/tags/Matsuno%20Osomatsu*s*Tetsu,r
Atsushi/Matsuno Sextuplets (Osomatsu),0,/tags/Atsushi*s*Matsuno%20Sextuplets%20(Osomatsu),r
Matsuno Choromatsu & Matsuno Sextuplets,23,/tags/Matsuno%20Choromatsu%20*a*%20Matsuno%20Sextuplets,r
Matsuno Ichimatsu & Matsuno Sextuplets,19,/tags/Matsuno%20Ichimatsu%20*a*%20Matsuno%20Sextuplets,r
Hashimoto Nyaa/Matsuno Ichimatsu,2,/tags/Hashimoto%20Nyaa*s*Matsuno%20Ichimatsu,r
Matsuno Jyushimatsu & Matsuno Sextuplets,20,/tags/Matsuno%20Jyushimatsu%20*a*%20Matsuno%20Sextuplets,r
Matsuno Jyushimatsu/Matsuno Sextuplets,0,/tags/Matsuno%20Jyushimatsu*s*Matsuno%20Sextuplets,r
Matsuno Karamatsu & Matsuno Sextuplets,79,/tags/Matsuno%20Karamatsu%20*a*%20Matsuno%20Sextuplets,r
Matsuno Karamatsu/Matsuno Sextuplets,2,/tags/Matsuno%20Karamatsu*s*Matsuno%20Sextuplets,r
Matsuno Osomatsu & Matsuno Sextuplets,79,/tags/Matsuno%20Osomatsu%20*a*%20Matsuno%20Sextuplets,r
Matsuno Osomatsu/Matsuno Sextuplets,2,/tags/Matsuno%20Osomatsu*s*Matsuno%20Sextuplets,r
Matsuno Sextuplets (Osomatsu) & Reader,11,/tags/Matsuno%20Sextuplets%20(Osomatsu)%20*a*%20Reader,r
Matsuno Sextuplets (Osomatsu)/Reader,41,/tags/Matsuno%20Sextuplets%20(Osomatsu)*s*Reader,r
Matsuno Sextuplets & Matsuno Todomatsu,14,/tags/Matsuno%20Sextuplets%20*a*%20Matsuno%20Todomatsu,r
Matsuno Todomatsu/Other(s),0,/tags/Matsuno%20Todomatsu*s*Other(s),r
Matsuno Sextuplets/Matsuno Todomatsu,0,/tags/Matsuno%20Sextuplets*s*Matsuno%20Todomatsu,r
Matsuno Ichimatsu/Matsuno Osomatsu/Matsuno Todomatsu,0,/tags/Matsuno%20Ichimatsu*s*Matsuno%20Osomatsu*s*Matsuno%20Todomatsu,r
Matsuno Choromatsu & Matsuno Karamatsu & Matsuno Osomatsu,12,/tags/Matsuno%20Choromatsu%20*a*%20Matsuno%20Karamatsu%20*a*%20Matsuno%20Osomatsu,r
Matsuno Choromatsu/Matsuno Jyushimatsu/Matsuno Karamatsu,4,/tags/Matsuno%20Choromatsu*s*Matsuno%20Jyushimatsu*s*Matsuno%20Karamatsu,r
Matsuno Ichimatsu/Matsuno Matsuyo/Matsuno Matsuzo,0,/tags/Matsuno%20Ichimatsu*s*Matsuno%20Matsuyo*s*Matsuno%20Matsuzo,r
Matsuno Kamimatsu & Yowai Totoko,2,/tags/Matsuno%20Kamimatsu%20*a*%20Yowai%20Totoko,r
Matsuno Choromatsu & Matsuno Ichimatsu & Matsuno Karamatsu,2,/tags/Matsuno%20Choromatsu%20*a*%20Matsuno%20Ichimatsu%20*a*%20Matsuno%20Karamatsu,r
Iyami/Matsuno Matsuzo,0,/tags/Iyami*s*Matsuno%20Matsuzo,r
Matsuno Karamatsu/You,3,/tags/Matsuno%20Karamatsu*s*You,r
Matsuno Osomatsu/You,3,/tags/Matsuno%20Osomatsu*s*You,r
Matsuno Sextuplets (Osomatsu)/You,4,/tags/Matsuno%20Sextuplets%20(Osomatsu)*s*You,r
Matsuno Karamatsu/Matsuno Osomatsu/Reader,1,/tags/Matsuno%20Karamatsu*s*Matsuno%20Osomatsu*s*Reader,r
Homura & Matsuno Ichimatsu,3,/tags/Homura%20*a*%20Matsuno%20Ichimatsu,r
Matsuno Osomatsu/Shouei,1,/tags/Matsuno%20Osomatsu*s*Shouei,r
Shouei (Osomatsu),1,/tags/Shouei%20(Osomatsu),c
Kumi (Osomatsu),4,/tags/Kumi%20(Osomatsu),c
Miwa (Osomatsu),4,/tags/Miwa%20(Osomatsu),c
Michaelmatsu (Osomatsu),1,/tags/Michaelmatsu%20(Osomatsu),c
Matsuno Karamatsu/Sonic the Hedgehog,2,/tags/Matsuno%20Karamatsu*s*Sonic%20the%20Hedgehog,r
Matsuno Choromatsu & Matsuno Ichimatsu & Matsuno Jyushimatsu,2,/tags/Matsuno%20Choromatsu%20*a*%20Matsuno%20Ichimatsu%20*a*%20Matsuno%20Jyushimatsu,r
Inuyama Kinko,39,/tags/Inuyama%20Kinko,c
Karako (Osomatsu),12,/tags/Karako%20(Osomatsu),c
Matsuno Jyushimatsu & Original Character(s),2,/tags/Matsuno%20Jyushimatsu%20*a*%20Original%20Character(s),r
Hatabou (Osomatsu) & Reader,1,/tags/Hatabou%20(Osomatsu)%20*a*%20Reader,r
Atsushi (Osomatsu) & Reader,1,/tags/Atsushi%20(Osomatsu)%20*a*%20Reader,r
Ichiko (Osomatsu),20,/tags/Ichiko%20(Osomatsu),c
Chibita/Okiku (Osomatsu),1,/tags/Chibita*s*Okiku%20(Osomatsu),r
Okiku (Osomatsu),7,/tags/Okiku%20(Osomatsu),c
Kiku (Osomatsu),2,/tags/Kiku%20(Osomatsu),c
Matsuno Osomatsu & Yowai Fighting,3,/tags/Matsuno%20Osomatsu%20*a*%20Yowai%20Fighting,r
Matsuno Ichimatsu & Matsuno Jyushimatsu & Matsuno Todomatsu,2,/tags/Matsuno%20Ichimatsu%20*a*%20Matsuno%20Jyushimatsu%20*a*%20Matsuno%20Todomatsu,r
Matsuno Akumatsu & Matsuno Karamatsu,1,/tags/Matsuno%20Akumatsu%20*a*%20Matsuno%20Karamatsu,r
Hashimoto Nyaa & Reader,0,/tags/Hashimoto%20Nyaa%20*a*%20Reader,r
Iyami/Matsuno Jyushimatsu,3,/tags/Iyami*s*Matsuno%20Jyushimatsu,r
Atsushi & Hashimoto Nyaa,0,/tags/Atsushi%20*a*%20Hashimoto%20Nyaa,r
Matsuno Karamatsu & Tougou,6,/tags/Matsuno%20Karamatsu%20*a*%20Tougou,r
Emily (Stardew Valley)/Matsuno Karamatsu,0,/tags/Emily%20(Stardew%20Valley)*s*Matsuno%20Karamatsu,r
Iyami/Matsuno Ichimatsu,2,/tags/Iyami*s*Matsuno%20Ichimatsu,r
Iyami/Matsuno Todomatsu,2,/tags/Iyami*s*Matsuno%20Todomatsu,r
Matsuno Akumatsu/Matsuno Ichimatsu,1,/tags/Matsuno%20Akumatsu*s*Matsuno%20Ichimatsu,r
Matsuno Osomatsu/Serena (Pokemon),0,/tags/Matsuno%20Osomatsu*s*Serena%20(Pokemon),r
The Babadook (The Babadook) & Matsuno Ichimatsu,0,/tags/The%20Babadook%20(The%20Babadook)%20*a*%20Matsuno%20Ichimatsu,r
Hashimoto Nyaa/Matsuno Jyushimatsu,1,/tags/Hashimoto%20Nyaa*s*Matsuno%20Jyushimatsu,r
Matsuno Todomatsu/You,2,/tags/Matsuno%20Todomatsu*s*You,r
ESP Kitty & Matsuno Jyushimatsu,1,/tags/ESP%20Kitty%20*a*%20Matsuno%20Jyushimatsu,r
Matsuno Todomatsu/Pennywise (IT),0,/tags/Matsuno%20Todomatsu*s*Pennywise%20(IT),r
Osoma (Osomatsu),3,/tags/Osoma%20(Osomatsu),c
Fighting Yowai/Matsuno Osomatsu,5,/tags/Fighting%20Yowai*s*Matsuno%20Osomatsu,r
Choromi (Osomatsu),5,/tags/Choromi%20(Osomatsu),c
Chibita/Hatabou (Osomatsu),2,/tags/Chibita*s*Hatabou%20(Osomatsu),r
Matsuno Todomatsu/Pinkie Pie (My Little Pony: Friendship is Magic),0,/tags/Matsuno%20Todomatsu*s*Pinkie%20Pie%20(My%20Little%20Pony:%20Friendship%20is%20Magic),r
Hatsune Miku/Matsuno Choromatsu,3,/tags/Hatsune%20Miku*s*Matsuno%20Choromatsu,r
Fighting Yowai (Osomatsu),10,/tags/Fighting%20Yowai%20(Osomatsu),c
Fighting Yowai (Osomatsu)/Reader,1,/tags/Fighting%20Yowai%20(Osomatsu)*s*Reader,r
Matsuno Jyushimatsu/Matsuno Kamimatsu,0,/tags/Matsuno%20Jyushimatsu*s*Matsuno%20Kamimatsu,r
Matsuno Ichimatsu/Other(s),1,/tags/Matsuno%20Ichimatsu*s*Other(s),r
Matsuno Ichimatsu & Original Female Character(s),1,/tags/Matsuno%20Ichimatsu%20*a*%20Original%20Female%20Character(s),r
Matsuno Choromatsu & Original Female Character(s),0,/tags/Matsuno%20Choromatsu%20*a*%20Original%20Female%20Character(s),r
Atsushi (Osomatsu)/Original Female Character(s),0,/tags/Atsushi%20(Osomatsu)*s*Original%20Female%20Character(s),r
Atsushi & Homura (Osomatsu),1,/tags/Atsushi%20*a*%20Homura%20(Osomatsu),r
Matsuno Todomatsu & Pretty Flower Fairy,0,/tags/Matsuno%20Todomatsu%20*a*%20Pretty%20Flower%20Fairy,r
Kumi/Matsuno Osomatsu/Miwa,0,/tags/Kumi*s*Matsuno%20Osomatsu*s*Miwa,r
ESP Kitty/Matsuno Ichimatsu,2,/tags/ESP%20Kitty*s*Matsuno%20Ichimatsu,r
Iyami (Osomatsu)/Other(s),0,/tags/Iyami%20(Osomatsu)*s*Other(s),r
Matsuno Matsuyo & Matsuno Matsuzo & Matsuno Todomatsu,0,/tags/Matsuno%20Matsuyo%20*a*%20Matsuno%20Matsuzo%20*a*%20Matsuno%20Todomatsu,r
Matsuno Choromatsu & Matsuno Jyushimatsu & Matsuno Karamatsu,4,/tags/Matsuno%20Choromatsu%20*a*%20Matsuno%20Jyushimatsu%20*a*%20Matsuno%20Karamatsu,r
Matsuno Ichimatsu/Matsuno Jyushimatsu/Reader,0,/tags/Matsuno%20Ichimatsu*s*Matsuno%20Jyushimatsu*s*Reader,r
Inuyama Kinko/Yowai Totoko,8,/tags/Inuyama%20Kinko*s*Yowai%20Totoko,r
Matsuno Matsuyo/Original Character(s),0,/tags/Matsuno%20Matsuyo*s*Original%20Character(s),r
Chibita & Iyami & Matsuno Osomatsu,1,/tags/Chibita%20*a*%20Iyami%20*a*%20Matsuno%20Osomatsu,r
Fighting Yowai & Matsuno Osomatsu,0,/tags/Fighting%20Yowai%20*a*%20Matsuno%20Osomatsu,r
Dayon/Dekapan (Osomatsu),3,/tags/Dayon*s*Dekapan%20(Osomatsu),r
Fighting Yowai & Yowai Totoko,0,/tags/Fighting%20Yowai%20*a*%20Yowai%20Totoko,r
Matsuno Ichimatsu & Zen | Ryu Hyun,0,/tags/Matsuno%20Ichimatsu%20*a*%20Zen%20%7C%20Ryu%20Hyun,r
Matsuno Ichimatsu/Undisclosed,0,/tags/Matsuno%20Ichimatsu*s*Undisclosed,r
Homura/Matsuno Osomatsu,1,/tags/Homura*s*Matsuno%20Osomatsu,r
Matsuno Jyushimatsu/Other(s),0,/tags/Matsuno%20Jyushimatsu*s*Other(s),r
Reigen Arataka/Matsuno Osomatsu,3,/tags/Reigen%20Arataka*s*Matsuno%20Osomatsu,r
Matsuno Choromatsu & Matsuno Choromatsu,4,/tags/Matsuno%20Choromatsu%20*a*%20Matsuno%20Choromatsu,r
Hashimoto Nyaa/Original Character(s),0,/tags/Hashimoto%20Nyaa*s*Original%20Character(s),r
Yowai Totoko & Original Character(s),0,/tags/Yowai%20Totoko%20*a*%20Original%20Character(s),r
Hashimoto Nyaa/Matsuno Todomatsu,0,/tags/Hashimoto%20Nyaa*s*Matsuno%20Todomatsu,r
Eitarou (Osomatsu),7,/tags/Eitarou%20(Osomatsu),c
Chibita & Matsuno Osomatsu & Yowai Totoko,0,/tags/Chibita%20*a*%20Matsuno%20Osomatsu%20*a*%20Yowai%20Totoko,r
Matsuno Choromatsu/Matsuno Jyushimatsu/Matsuno Osomatsu,1,/tags/Matsuno%20Choromatsu*s*Matsuno%20Jyushimatsu*s*Matsuno%20Osomatsu,r
Matsuno Choromatsu & Matsuno Karamatsu & Matsuno Todomatsu,0,/tags/Matsuno%20Choromatsu%20*a*%20Matsuno%20Karamatsu%20*a*%20Matsuno%20Todomatsu,r
Byun Baekhyun/Matsuno Ichimatsu,0,/tags/Byun%20Baekhyun*s*Matsuno%20Ichimatsu,r
Iyami & Matsuno Karamatsu,1,/tags/Iyami%20*a*%20Matsuno%20Karamatsu,r
Matsuno Karamatsu & Venus (Ancient Roman Religion & Lore),0,/tags/Matsuno%20Karamatsu%20*a*%20Venus%20(Ancient%20Roman%20Religion%20*a*%20Lore),r
Matsuno Ichimatsu/Osoko,0,/tags/Matsuno%20Ichimatsu*s*Osoko,r
Matsuno Choromatsu/Osoko,0,/tags/Matsuno%20Choromatsu*s*Osoko,r
Choroko/Osoko (Osomatsu),1,/tags/Choroko*s*Osoko%20(Osomatsu),r
Matsuno Jyushimatsu/Osoko,0,/tags/Matsuno%20Jyushimatsu*s*Osoko,r
Karako/Osoko (Osomatsu),1,/tags/Karako*s*Osoko%20(Osomatsu),r
Matsuno Karamatsu/Osoko,0,/tags/Matsuno%20Karamatsu*s*Osoko,r
Choroko (Osomatsu),5,/tags/Choroko%20(Osomatsu),c
Choroko/Matsuno Osomatsu,0,/tags/Choroko*s*Matsuno%20Osomatsu,r
Choroko/Matsuno Ichimatsu,0,/tags/Choroko*s*Matsuno%20Ichimatsu,r
Choroko & Matsuno Ichimatsu,0,/tags/Choroko%20*a*%20Matsuno%20Ichimatsu,r
Choroko/Todoko (Osomatsu),0,/tags/Choroko*s*Todoko%20(Osomatsu),r
Choroko (Osomatsu)/Reader,0,/tags/Choroko%20(Osomatsu)*s*Reader,r
Ichiko/Matsuno Ichimatsu,0,/tags/Ichiko*s*Matsuno%20Ichimatsu,r
Ichiko/Karako (Osomatsu),2,/tags/Ichiko*s*Karako%20(Osomatsu),r
Ichiko/Jyushiko (Osomatsu),3,/tags/Ichiko*s*Jyushiko%20(Osomatsu),r
Ichiko/Matsuno Karamatsu,3,/tags/Ichiko*s*Matsuno%20Karamatsu,r
Ichiko/Matsuno Todomatsu,0,/tags/Ichiko*s*Matsuno%20Todomatsu,r
Jyushiko (Osomatsu),18,/tags/Jyushiko%20(Osomatsu),c
Jyushiko/Matsuno Ichimatsu,0,/tags/Jyushiko*s*Matsuno%20Ichimatsu,r
Karako/Matsuno Karamatsu,0,/tags/Karako*s*Matsuno%20Karamatsu,r
Karako/Todoko (Osomatsu),0,/tags/Karako*s*Todoko%20(Osomatsu),r
Karako/Matsuno Osomatsu,1,/tags/Karako*s*Matsuno%20Osomatsu,r
Karako (Osomatsu)/Reader,0,/tags/Karako%20(Osomatsu)*s*Reader,r
Atsushi/Todoko (Osomatsu),0,/tags/Atsushi*s*Todoko%20(Osomatsu),r
Happi (Osomatsu),45,/tags/Happi%20(Osomatsu),c
ESP Kitty & Matsuno Karamatsu,1,/tags/ESP%20Kitty%20*a*%20Matsuno%20Karamatsu,r
Ryuki (Osomatsu),6,/tags/Ryuki%20(Osomatsu),c
Ibuki (Osomatsu),6,/tags/Ibuki%20(Osomatsu),c
Happi/Matsuno Choromatsu,38,/tags/Happi*s*Matsuno%20Choromatsu,r
Inuyama Kinko & Matsuno Osomatsu,1,/tags/Inuyama%20Kinko%20*a*%20Matsuno%20Osomatsu,r
Matsuno Osomatsu/Oyama,4,/tags/Matsuno%20Osomatsu*s*Oyama,r
Sono (Osomatsu),2,/tags/Sono%20(Osomatsu),c
Matsuno Osomatsu & Osoko,1,/tags/Matsuno%20Osomatsu%20*a*%20Osoko,r
Osoko (Osomatsu)/Original Character(s),0,/tags/Osoko%20(Osomatsu)*s*Original%20Character(s),r
Todoko (Osomatsu)/Reader,0,/tags/Todoko%20(Osomatsu)*s*Reader,r
Osoko/Yowai Totoko,1,/tags/Osoko*s*Yowai%20Totoko,r
Matsuno Osomatsu & Everyone,2,/tags/Matsuno%20Osomatsu%20*a*%20Everyone,r
Matsuno Sextuplets (Osomatsu)/Original Character(s),3,/tags/Matsuno%20Sextuplets%20(Osomatsu)*s*Original%20Character(s),r
Choroko/Ichiko (Osomatsu),0,/tags/Choroko*s*Ichiko%20(Osomatsu),r
Matsuno Sextuplets (Osomatsu) & Original Character(s),0,/tags/Matsuno%20Sextuplets%20(Osomatsu)%20*a*%20Original%20Character(s),r
Choroko/Matsuno Choromatsu,0,/tags/Choroko*s*Matsuno%20Choromatsu,r
Jyushiko (Osomatsu)/Reader,0,/tags/Jyushiko%20(Osomatsu)*s*Reader,r
Iyami/Matsuno Sextuplets (Osomatsu),0,/tags/Iyami*s*Matsuno%20Sextuplets%20(Osomatsu),r
Osoko (Osomatsu)/Reader,0,/tags/Osoko%20(Osomatsu)*s*Reader,r
Homura & Matsuno Sextuplets (Osomatsu),1,/tags/Homura%20*a*%20Matsuno%20Sextuplets%20(Osomatsu),r
Hakurei Reimu/Matsuno Osomatsu,0,/tags/Hakurei%20Reimu*s*Matsuno%20Osomatsu,r
Ichiko (Osomatsu)/Reader,0,/tags/Ichiko%20(Osomatsu)*s*Reader,r
Happi & Matsuno Osomatsu,0,/tags/Happi%20*a*%20Matsuno%20Osomatsu,r
Inuyama Kinko/Matsuno Karamatsu,1,/tags/Inuyama%20Kinko*s*Matsuno%20Karamatsu,r
Inuyama Kinko & Matsuno Ichimatsu,0,/tags/Inuyama%20Kinko%20*a*%20Matsuno%20Ichimatsu,r
Inuyama Kinko/Matsuno Ichimatsu,1,/tags/Inuyama%20Kinko*s*Matsuno%20Ichimatsu,r
Inuyama Kinko/Matsuno Osomatsu,0,/tags/Inuyama%20Kinko*s*Matsuno%20Osomatsu,r
Kawashiro Nitori/Matsuno Todomatsu,0,/tags/Kawashiro%20Nitori*s*Matsuno%20Todomatsu,r
Matsuno Kamimatsu/Yowai Totoko,1,/tags/Matsuno%20Kamimatsu*s*Yowai%20Totoko,r
Matsuno Choromatsu & Tougou,1,/tags/Matsuno%20Choromatsu%20*a*%20Tougou,r
Oyama (Osomatsu),6,/tags/Oyama%20(Osomatsu),c
Hashimoto Nyaa & Matsuno Osomatsu,0,/tags/Hashimoto%20Nyaa%20*a*%20Matsuno%20Osomatsu,r
Uehara (Osomatsu),4,/tags/Uehara%20(Osomatsu),c
Oyama & Uehara (Osomatsu),0,/tags/Oyama%20*a*%20Uehara%20(Osomatsu),r
Uchikawa (Osomatsu),10,/tags/Uchikawa%20(Osomatsu),c
Iwase (Osomatsu),3,/tags/Iwase%20(Osomatsu),c
Iwase/Uehara (Osomatsu),0,/tags/Iwase*s*Uehara%20(Osomatsu),r
Ichiko & Iwase (Osomatsu),0,/tags/Ichiko%20*a*%20Iwase%20(Osomatsu),r
Yanagita (Osomatsu),48,/tags/Yanagita%20(Osomatsu),c
Matsuno Ichimatsu/Yanagita,21,/tags/Matsuno%20Ichimatsu*s*Yanagita,r
Norimoto (Osomatsu),4,/tags/Norimoto%20(Osomatsu),c
Happi/Hashimoto Nyaa/Matsuno Choromatsu,0,/tags/Happi*s*Hashimoto%20Nyaa*s*Matsuno%20Choromatsu,r
Jyushiko/Karako (Osomatsu),0,/tags/Jyushiko*s*Karako%20(Osomatsu),r
Matsuno Choromatsu & Matsuno Jyushimatsu & Matsuno Todomatsu,0,/tags/Matsuno%20Choromatsu%20*a*%20Matsuno%20Jyushimatsu%20*a*%20Matsuno%20Todomatsu,r
Takahashi Nozomi,14,/tags/Takahashi%20Nozomi,c
Ichiko/Matsuno Osomatsu,1,/tags/Ichiko*s*Matsuno%20Osomatsu,r
Matsuno Karamatsu/Yanagita,2,/tags/Matsuno%20Karamatsu*s*Yanagita,r
Matsuno Karamatsu/Sachiko,1,/tags/Matsuno%20Karamatsu*s*Sachiko,r
Matsuno Choromatsu & Matsuno Ichimatsu & Matsuno Osomatsu,1,/tags/Matsuno%20Choromatsu%20*a*%20Matsuno%20Ichimatsu%20*a*%20Matsuno%20Osomatsu,r
Matsuno Osomatsu/Tateyama Ayano,1,/tags/Matsuno%20Osomatsu*s*Tateyama%20Ayano,r
Inuyama Kinko & Yowai Totoko,1,/tags/Inuyama%20Kinko%20*a*%20Yowai%20Totoko,r
Matsuno Karamatsu/Original Male Character(s),3,/tags/Matsuno%20Karamatsu*s*Original%20Male%20Character(s),r
Matsuno Choromatsu & Matsuno Osomatsu & Matsuno Todomatsu,0,/tags/Matsuno%20Choromatsu%20*a*%20Matsuno%20Osomatsu%20*a*%20Matsuno%20Todomatsu,r
Matsuno Todomatsu & Undisclosed,0,/tags/Matsuno%20Todomatsu%20*a*%20Undisclosed,r
Dayon/Matsuno Ichimatsu,0,/tags/Dayon*s*Matsuno%20Ichimatsu,r
Homura (Osomatsu) & Reader,0,/tags/Homura%20(Osomatsu)%20*a*%20Reader,r
Matsuno Osomatsu & Yanagita,1,/tags/Matsuno%20Osomatsu%20*a*%20Yanagita,r
Matsuno Choromatsu/Takahashi Nozomi,5,/tags/Matsuno%20Choromatsu*s*Takahashi%20Nozomi,r
Matsuno Choromatsu & Takahashi Nozomi,1,/tags/Matsuno%20Choromatsu%20*a*%20Takahashi%20Nozomi,r
Matsuno Osomatsu/Ume,1,/tags/Matsuno%20Osomatsu*s*Ume,r
Matsuno Karamatsu & Matsuno Osomatsu & Matsuno Todomatsu,1,/tags/Matsuno%20Karamatsu%20*a*%20Matsuno%20Osomatsu%20*a*%20Matsuno%20Todomatsu,r
Tougou (Osomatsu)/Reader,0,/tags/Tougou%20(Osomatsu)*s*Reader,r
Depressed Matsuno Karamatsu,2,/tags/Depressed%20Matsuno%20Karamatsu,f
Sad Matsuno Karamatsu,2,/tags/Sad%20Matsuno%20Karamatsu,f
Werewolf Matsuno Karamatsu,2,/tags/Werewolf%20Matsuno%20Karamatsu,f
Trans Matsuno Karamatsu,7,/tags/Trans%20Matsuno%20Karamatsu,f
Alpha Atsushi (Osomatsu),1,/tags/Alpha%20Atsushi%20(Osomatsu),f
Blind Matsuno Karamatsu,2,/tags/Blind%20Matsuno%20Karamatsu,f
Top Matsuno Karamatsu,60,/tags/Top%20Matsuno%20Karamatsu,f
Knight Matsuno Karamatsu,3,/tags/Knight%20Matsuno%20Karamatsu,f
Oblivious Matsuno Karamatsu,0,/tags/Oblivious%20Matsuno%20Karamatsu,f
Omega Matsuno Karamatsu,6,/tags/Omega%20Matsuno%20Karamatsu,f
Prince Matsuno Karamatsu,0,/tags/Prince%20Matsuno%20Karamatsu,f
Princess Matsuno Karamatsu,1,/tags/Princess%20Matsuno%20Karamatsu,f
Angel Matsuno Todomatsu,2,/tags/Angel%20Matsuno%20Todomatsu,f
Alpha Matsuno Choromatsu,2,/tags/Alpha%20Matsuno%20Choromatsu,f
Alpha Matsuno Ichimatsu,4,/tags/Alpha%20Matsuno%20Ichimatsu,f
Alpha Matsuno Jyushimatsu,4,/tags/Alpha%20Matsuno%20Jyushimatsu,f
Alpha Matsuno Karamatsu,8,/tags/Alpha%20Matsuno%20Karamatsu,f
Alpha Matsuno Osomatsu,13,/tags/Alpha%20Matsuno%20Osomatsu,f
Alpha Matsuno Todomatsu,2,/tags/Alpha%20Matsuno%20Todomatsu,f
Angry Matsuno Karamatsu,3,/tags/Angry%20Matsuno%20Karamatsu,f
Aromantic Matsuno Osomatsu,1,/tags/Aromantic%20Matsuno%20Osomatsu,f
Angel Matsuno Choromatsu,0,/tags/Angel%20Matsuno%20Choromatsu,f
Angel Matsuno Jyushimatsu,0,/tags/Angel%20Matsuno%20Jyushimatsu,f
Angel Matsuno Karamatsu,0,/tags/Angel%20Matsuno%20Karamatsu,f
Matsuno Choromatsu Has Anxiety,3,/tags/Matsuno%20Choromatsu%20Has%20Anxiety,f
Artist Matsuno Ichimatsu,0,/tags/Artist%20Matsuno%20Ichimatsu,f
Matsuno Karamatsu Has Anxiety,2,/tags/Matsuno%20Karamatsu%20Has%20Anxiety,f
Matsuno Osomatsu Has Anxiety,0,/tags/Matsuno%20Osomatsu%20Has%20Anxiety,f
Ballet Dancer Matsuno Osomatsu,0,/tags/Ballet%20Dancer%20Matsuno%20Osomatsu,f
Cat Hybrid Matsuno Ichimatsu,1,/tags/Cat%20Hybrid%20Matsuno%20Ichimatsu,f
Cat Matsuno Ichimatsu,0,/tags/Cat%20Matsuno%20Ichimatsu,f
Bisexual Matsuno Karamatsu,3,/tags/Bisexual%20Matsuno%20Karamatsu,f
Matsuno Karamatsu/ Matsuno Karamatsu,0,/tags/Matsuno%20Karamatsu*s*%20Matsuno%20Karamatsu,r
Kitsune Matsuno Ichimatsu,0,/tags/Kitsune%20Matsuno%20Ichimatsu,f
Beta Matsuno Choromatsu,5,/tags/Beta%20Matsuno%20Choromatsu,f
Bottom Matsuno Choromatsu,32,/tags/Bottom%20Matsuno%20Choromatsu,f
Bottom Matsuno Ichimatsu,62,/tags/Bottom%20Matsuno%20Ichimatsu,f
Bottom Matsuno Jyushimatsu,17,/tags/Bottom%20Matsuno%20Jyushimatsu,f
Bottom Matsuno Karamatsu,73,/tags/Bottom%20Matsuno%20Karamatsu,f
Matsuno Sextuplets & Matsuno Sextuplets (Osomatsu),1,/tags/Matsuno%20Sextuplets%20*a*%20Matsuno%20Sextuplets%20(Osomatsu),r
Matsuno Sextuplets/Matsuno Sextuplets (Osomatsu),0,/tags/Matsuno%20Sextuplets*s*Matsuno%20Sextuplets%20(Osomatsu),r
Bottom Matsuno Osomatsu,27,/tags/Bottom%20Matsuno%20Osomatsu,f
Bottom Matsuno Todomatsu,3,/tags/Bottom%20Matsuno%20Todomatsu,f
Dekapan (Osomatsu) & Reader,0,/tags/Dekapan%20(Osomatsu)%20*a*%20Reader,r
Dekapan & Matsuno Sextuplets (Osomatsu),0,/tags/Dekapan%20*a*%20Matsuno%20Sextuplets%20(Osomatsu),r
Beta Matsuno Ichimatsu,2,/tags/Beta%20Matsuno%20Ichimatsu,f
Mafia Matsuno Karamatsu,0,/tags/Mafia%20Matsuno%20Karamatsu,f
Mafia Matsuno Osomatsu,5,/tags/Mafia%20Matsuno%20Osomatsu,f
Prince Matsuno Osomatsu,0,/tags/Prince%20Matsuno%20Osomatsu,f
Yandere Matsuno Choromatsu,4,/tags/Yandere%20Matsuno%20Choromatsu,f
Matsuno Osomatsu Angst,19,/tags/Matsuno%20Osomatsu%20Angst,f
Matsuno Ichimatsu/Matsuno Karamatsu/Matsuno Karamatsu,1,/tags/Matsuno%20Ichimatsu*s*Matsuno%20Karamatsu*s*Matsuno%20Karamatsu,r
Matsuno Karamatsu/Undisclosed,0,/tags/Matsuno%20Karamatsu*s*Undisclosed,r
Dancer Matsuno Osomatsu,0,/tags/Dancer%20Matsuno%20Osomatsu,f
Suicidal Matsuno Karamatsu,0,/tags/Suicidal%20Matsuno%20Karamatsu,f
Matsuno Choromatsu & Matsuno Ichimatsu & Matsuno Karamatsu & Matsuno Osomatsu,0,/tags/Matsuno%20Choromatsu%20*a*%20Matsuno%20Ichimatsu%20*a*%20Matsuno%20Karamatsu%20*a*%20Matsuno%20Osomatsu,r
Angry Matsuno Osomatsu,0,/tags/Angry%20Matsuno%20Osomatsu,f
Matsuno Choromatsu Angst,3,/tags/Matsuno%20Choromatsu%20Angst,f
Depressed Matsuno Osomatsu,2,/tags/Depressed%20Matsuno%20Osomatsu,f
Matsuno Ichimatsu-centric,10,/tags/Matsuno%20Ichimatsu-centric,f
Female Matsuno Karamatsu,2,/tags/Female%20Matsuno%20Karamatsu,f
Minor Matsuno Choromatsu/Matsuno Osomatsu,0,/tags/Minor%20Matsuno%20Choromatsu*s*Matsuno%20Osomatsu,f
POV Matsuno Osomatsu,5,/tags/POV%20Matsuno%20Osomatsu,f
Protective Matsuno Osomatsu,7,/tags/Protective%20Matsuno%20Osomatsu,f
Sad Matsuno Osomatsu,2,/tags/Sad%20Matsuno%20Osomatsu,f
Single Parent Matsuno Karamatsu,0,/tags/Single%20Parent%20Matsuno%20Karamatsu,f
Tengu Matsuno Choromatsu,1,/tags/Tengu%20Matsuno%20Choromatsu,f
Child Matsuno Todomatsu,1,/tags/Child%20Matsuno%20Todomatsu,f
Tsundere Matsuno Ichimatsu,0,/tags/Tsundere%20Matsuno%20Ichimatsu,f
Depressed Matsuno Ichimatsu,8,/tags/Depressed%20Matsuno%20Ichimatsu,f
Florist Matsuno Karamatsu,1,/tags/Florist%20Matsuno%20Karamatsu,f
Human Matsuno Karamatsu,1,/tags/Human%20Matsuno%20Karamatsu,f
Beta Matsuno Jyushimatsu,2,/tags/Beta%20Matsuno%20Jyushimatsu,f
Matsuno Ichimatsu Angst,6,/tags/Matsuno%20Ichimatsu%20Angst,f
POV Matsuno Ichimatsu,7,/tags/POV%20Matsuno%20Ichimatsu,f
Jealous Matsuno Todomatsu,0,/tags/Jealous%20Matsuno%20Todomatsu,f
POV Matsuno Jyushimatsu,3,/tags/POV%20Matsuno%20Jyushimatsu,f
Lonely Matsuno Osomatsu,0,/tags/Lonely%20Matsuno%20Osomatsu,f
Matsuno Osomatsu Needs a Hug,7,/tags/Matsuno%20Osomatsu%20Needs%20a%20Hug,f
Overprotective Matsuno Osomatsu,0,/tags/Overprotective%20Matsuno%20Osomatsu,f
Prince Matsuno Jyushimatsu,0,/tags/Prince%20Matsuno%20Jyushimatsu,f
Protective Matsuno Choromatsu,4,/tags/Protective%20Matsuno%20Choromatsu,f
Good Sibling Matsuno Todomatsu,1,/tags/Good%20Sibling%20Matsuno%20Todomatsu,f
POV Matsuno Todomatsu,6,/tags/POV%20Matsuno%20Todomatsu,f
Trans Matsuno Osomatsu,2,/tags/Trans%20Matsuno%20Osomatsu,f
Rescue Worker Matsuno Osomatsu,1,/tags/Rescue%20Worker%20Matsuno%20Osomatsu,f
Geek Matsuno Karamatsu,0,/tags/Geek%20Matsuno%20Karamatsu,f
Bookstore Employee Matsuno Osomatsu,0,/tags/Bookstore%20Employee%20Matsuno%20Osomatsu,f
Inugami Matsuno Jyushimatsu,1,/tags/Inugami%20Matsuno%20Jyushimatsu,f
Freckled Matsuno Karamatsu,0,/tags/Freckled%20Matsuno%20Karamatsu,f
Nerd Matsuno Choromatsu,0,/tags/Nerd%20Matsuno%20Choromatsu,f
Matsuno Ichimatsu & Yanagita,8,/tags/Matsuno%20Ichimatsu%20*a*%20Yanagita,r
Beta Matsuno Karamatsu,2,/tags/Beta%20Matsuno%20Karamatsu,f
Beta Matsuno Todomatsu,3,/tags/Beta%20Matsuno%20Todomatsu,f
Matsuno Osomatsu-centric,3,/tags/Matsuno%20Osomatsu-centric,f
Matsuno Todomatsu-centric,2,/tags/Matsuno%20Todomatsu-centric,f
Matsuno Jyushimatsu-centric,4,/tags/Matsuno%20Jyushimatsu-centric,f
Matsuno Choromatsu-centric,7,/tags/Matsuno%20Choromatsu-centric,f
Matsuno Karamatsu-centric,38,/tags/Matsuno%20Karamatsu-centric,f
Demon Matsuno Ichimatsu,1,/tags/Demon%20Matsuno%20Ichimatsu,f
Demon Matsuno Osomatsu,3,/tags/Demon%20Matsuno%20Osomatsu,f
Shinigami Matsuno Ichimatsu,0,/tags/Shinigami%20Matsuno%20Ichimatsu,f
Vampire Matsuno Ichimatsu,0,/tags/Vampire%20Matsuno%20Ichimatsu,f
Vampire Matsuno Osomatsu,0,/tags/Vampire%20Matsuno%20Osomatsu,f
POV Matsuno Karamatsu,4,/tags/POV%20Matsuno%20Karamatsu,f
Ghost Matsuno Todomatsu,0,/tags/Ghost%20Matsuno%20Todomatsu,f
Dragon Matsuno Osomatsu,3,/tags/Dragon%20Matsuno%20Osomatsu,f
Jealous Matsuno Karamatsu,0,/tags/Jealous%20Matsuno%20Karamatsu,f
Goth Matsuno Ichimatsu,0,/tags/Goth%20Matsuno%20Ichimatsu,f
Jealous Matsuno Ichimatsu,0,/tags/Jealous%20Matsuno%20Ichimatsu,f
Matsuno Karamatsu & Sonic the Hedgehog,1,/tags/Matsuno%20Karamatsu%20*a*%20Sonic%20the%20Hedgehog,r
Matsuno Akumatsu & Matsuno Sextuplets,0,/tags/Matsuno%20Akumatsu%20*a*%20Matsuno%20Sextuplets,r
Ume (Osomatsu),6,/tags/Ume%20(Osomatsu),c
Iyami/Ugly Flower Fairy (Osomatsu),0,/tags/Iyami*s*Ugly%20Flower%20Fairy%20(Osomatsu),r
Ibuki/Matsuno Choromatsu/Ryuki,0,/tags/Ibuki*s*Matsuno%20Choromatsu*s*Ryuki,r
Dekapan & Matsuno Karamatsu & Matsuno Osomatsu,0,/tags/Dekapan%20*a*%20Matsuno%20Karamatsu%20*a*%20Matsuno%20Osomatsu,r
Matsuno Jyushimatsu/Undisclosed,0,/tags/Matsuno%20Jyushimatsu*s*Undisclosed,r
Omega Matsuno Choromatsu,2,/tags/Omega%20Matsuno%20Choromatsu,f
Omega Matsuno Jyushimatsu,3,/tags/Omega%20Matsuno%20Jyushimatsu,f
Omega Matsuno Ichimatsu,7,/tags/Omega%20Matsuno%20Ichimatsu,f
Omega Matsuno Osomatsu,1,/tags/Omega%20Matsuno%20Osomatsu,f
Omega Matsuno Todomatsu,2,/tags/Omega%20Matsuno%20Todomatsu,f
Priest Matsuno Karamatsu,4,/tags/Priest%20Matsuno%20Karamatsu,f
Top Matsuno Todomatsu,10,/tags/Top%20Matsuno%20Todomatsu,f
Demon Matsuno Todomatsu,0,/tags/Demon%20Matsuno%20Todomatsu,f
Top Matsuno Osomatsu,45,/tags/Top%20Matsuno%20Osomatsu,f
Top Matsuno Ichimatsu,51,/tags/Top%20Matsuno%20Ichimatsu,f
Top Matsuno Choromatsu,14,/tags/Top%20Matsuno%20Choromatsu,f
Detective Matsuno Osomatsu,0,/tags/Detective%20Matsuno%20Osomatsu,f
Deity Matsuno Choromatsu,0,/tags/Deity%20Matsuno%20Choromatsu,f
Asaoka Nanami,0,/tags/Asaoka%20Nanami,c
Good Sibling Matsuno Choromatsu,6,/tags/Good%20Sibling%20Matsuno%20Choromatsu,f
Chubby Matsuno Ichimatsu,5,/tags/Chubby%20Matsuno%20Ichimatsu,f
Doctor Matsuno Ichimatsu,0,/tags/Doctor%20Matsuno%20Ichimatsu,f
Nun Matsuno Ichimatsu,1,/tags/Nun%20Matsuno%20Ichimatsu,f
Matsuno Karamatsu Angst,28,/tags/Matsuno%20Karamatsu%20Angst,f
Kitsune Matsuno Osomatsu,2,/tags/Kitsune%20Matsuno%20Osomatsu,f
Lawyer Matsuno Karamatsu,0,/tags/Lawyer%20Matsuno%20Karamatsu,f
Maid Matsuno Jyushimatsu,1,/tags/Maid%20Matsuno%20Jyushimatsu,f
Mage Matsuno Choromatsu,2,/tags/Mage%20Matsuno%20Choromatsu,f
Protective Matsuno Ichimatsu,6,/tags/Protective%20Matsuno%20Ichimatsu,f
Chubby Matsuno Sextuplets (Osomatsu),0,/tags/Chubby%20Matsuno%20Sextuplets%20(Osomatsu),f
Dominant Matsuno Karamatsu,1,/tags/Dominant%20Matsuno%20Karamatsu,f
Dominant Matsuno Ichimatsu,6,/tags/Dominant%20Matsuno%20Ichimatsu,f
King Matsuno Osomatsu,1,/tags/King%20Matsuno%20Osomatsu,f
Trans Matsuno Choromatsu,1,/tags/Trans%20Matsuno%20Choromatsu,f
Trans Matsuno Ichimatsu,5,/tags/Trans%20Matsuno%20Ichimatsu,f
Trans Matsuno Todomatsu,0,/tags/Trans%20Matsuno%20Todomatsu,f
Good Sibling Matsuno Ichimatsu,4,/tags/Good%20Sibling%20Matsuno%20Ichimatsu,f
Good Sibling Matsuno Karamatsu,17,/tags/Good%20Sibling%20Matsuno%20Karamatsu,f
Good Sibling Matsuno Osomatsu,12,/tags/Good%20Sibling%20Matsuno%20Osomatsu,f
Matsuno Choromatsu/Summer Smith,1,/tags/Matsuno%20Choromatsu*s*Summer%20Smith,r
Crime Boss Matsuno Ichimatsu,0,/tags/Crime%20Boss%20Matsuno%20Ichimatsu,f
Alternate Universe - Religious Setting | ReligionMatsu (Osomatsu),22,/tags/Alternate%20Universe%20-%20Religious%20Setting%20%7C%20ReligionMatsu%20(Osomatsu),f
Female Matsuno Sextuplets | GirlyMatsu (Osomatsu),3,/tags/Female%20Matsuno%20Sextuplets%20%7C%20GirlyMatsu%20(Osomatsu),f
Matsuno Sextuplets Incest | BLMatsu (Osomatsu),170,/tags/Matsuno%20Sextuplets%20Incest%20%7C%20BLMatsu%20(Osomatsu),f
No Matsuno Sextuplets Incest | No BLMatsu (Osomatsu),74,/tags/No%20Matsuno%20Sextuplets%20Incest%20%7C%20No%20BLMatsu%20(Osomatsu),f
Polyamorous Matsuno Sextuplets | PolyMatsu (Osomatsu),14,/tags/Polyamorous%20Matsuno%20Sextuplets%20%7C%20PolyMatsu%20(Osomatsu),f
Crying Matsuno Karamatsu,7,/tags/Crying%20Matsuno%20Karamatsu,f
Matsuno Osomatsu Being an Idiot,3,/tags/Matsuno%20Osomatsu%20Being%20an%20Idiot,f
Matsuno Todomatsu Angst,3,/tags/Matsuno%20Todomatsu%20Angst,f
Blond Matsuno Osomatsu,0,/tags/Blond%20Matsuno%20Osomatsu,f
Minor Matsuno Ichimatsu/Matsuno Karamatsu,0,/tags/Minor%20Matsuno%20Ichimatsu*s*Matsuno%20Karamatsu,f
Mentioned Tougou (Osomatsu),6,/tags/Mentioned%20Tougou%20(Osomatsu),f
Yandere Matsuno Karamatsu,8,/tags/Yandere%20Matsuno%20Karamatsu,f
Mentioned Atsushi (Osomatsu),4,/tags/Mentioned%20Atsushi%20(Osomatsu),f
Baby Matsuno Karamatsu,0,/tags/Baby%20Matsuno%20Karamatsu,f
Autistic Matsuno Jyushimatsu,0,/tags/Autistic%20Matsuno%20Jyushimatsu,f
Suffering Matsuno Choromatsu,2,/tags/Suffering%20Matsuno%20Choromatsu,f
Bisexual Matsuno Choromatsu,1,/tags/Bisexual%20Matsuno%20Choromatsu,f
Worried Matsuno Choromatsu,3,/tags/Worried%20Matsuno%20Choromatsu,f
Deaf Matsuno Ichimatsu,1,/tags/Deaf%20Matsuno%20Ichimatsu,f
Dog Matsuno Jyushimatsu,0,/tags/Dog%20Matsuno%20Jyushimatsu,f
Ghost Matsuno Karamatsu,2,/tags/Ghost%20Matsuno%20Karamatsu,f
Ghost Matsuno Osomatsu,0,/tags/Ghost%20Matsuno%20Osomatsu,f
Good Sibling Matsuno Jyushimatsu,5,/tags/Good%20Sibling%20Matsuno%20Jyushimatsu,f
Hunter Matsuno Karamatsu,0,/tags/Hunter%20Matsuno%20Karamatsu,f
Mentioned Matsuno Ichimatsu,2,/tags/Mentioned%20Matsuno%20Ichimatsu,f
Incubus Matsuno Todomatsu,0,/tags/Incubus%20Matsuno%20Todomatsu,f
Child Matsuno Jyushimatsu,1,/tags/Child%20Matsuno%20Jyushimatsu,f
Sweet Matsuno Jyushimatsu,3,/tags/Sweet%20Matsuno%20Jyushimatsu,f
Worried Matsuno Karamatsu,0,/tags/Worried%20Matsuno%20Karamatsu,f
Child Matsuno Osomatsu,1,/tags/Child%20Matsuno%20Osomatsu,f
Minor Matsuno Ichimatsu/Matsuno Osomatsu,0,/tags/Minor%20Matsuno%20Ichimatsu*s*Matsuno%20Osomatsu,f
Mentioned Matsuno Osomatsu,2,/tags/Mentioned%20Matsuno%20Osomatsu,f
Matsuno Sextuplets Are Not Related (Osomatsu),4,/tags/Matsuno%20Sextuplets%20Are%20Not%20Related%20(Osomatsu),f
Merperson Matsuno Karamatsu,0,/tags/Merperson%20Matsuno%20Karamatsu,f
Oni Matsuno Osomatsu,0,/tags/Oni%20Matsuno%20Osomatsu,f
Twenty-Something Matsuno Osomatsu,1,/tags/Twenty-Something%20Matsuno%20Osomatsu,f
Minor Matsuno Karamatsu/Matsuno Osomatsu,0,/tags/Minor%20Matsuno%20Karamatsu*s*Matsuno%20Osomatsu,f
Matsuno Osomatsu Being an Asshole,4,/tags/Matsuno%20Osomatsu%20Being%20an%20Asshole,f
Matsuno Karamatsu as Poseidon,1,/tags/Matsuno%20Karamatsu%20as%20Poseidon,f
Possessive Matsuno Osomatsu,3,/tags/Possessive%20Matsuno%20Osomatsu,f
Sad Matsuno Jyushimatsu,5,/tags/Sad%20Matsuno%20Jyushimatsu,f
Matsuno Osomatsu as Snow White,1,/tags/Matsuno%20Osomatsu%20as%20Snow%20White,f
Top Matsuno Jyushimatsu,6,/tags/Top%20Matsuno%20Jyushimatsu,f
POV Matsuno Choromatsu,2,/tags/POV%20Matsuno%20Choromatsu,f
Matsuno Karamatsu Has a Vagina,1,/tags/Matsuno%20Karamatsu%20Has%20a%20Vagina,f
Vampire Matsuno Karamatsu,0,/tags/Vampire%20Matsuno%20Karamatsu,f
Virgin Matsuno Ichimatsu,3,/tags/Virgin%20Matsuno%20Ichimatsu,f
Wolf Matsuno Karamatsu,0,/tags/Wolf%20Matsuno%20Karamatsu,f
Yandere Matsuno Osomatsu,5,/tags/Yandere%20Matsuno%20Osomatsu,f
Mentioned Matsuno Choromatsu,1,/tags/Mentioned%20Matsuno%20Choromatsu,f
Mentioned Matsuno Todomatsu,0,/tags/Mentioned%20Matsuno%20Todomatsu,f
Jealous Matsuno Osomatsu,4,/tags/Jealous%20Matsuno%20Osomatsu,f
Mentioned Matsuno Jyushimatsu,0,/tags/Mentioned%20Matsuno%20Jyushimatsu,f
Matsuno Osomatsu/Barack Obama,0,/tags/Matsuno%20Osomatsu*s*Barack%20Obama,r
Student Matsuno Karamatsu,1,/tags/Student%20Matsuno%20Karamatsu,f
Nurse Matsuno Ichimatsu,1,/tags/Nurse%20Matsuno%20Ichimatsu,f
Teenage Matsuno Karamatsu,2,/tags/Teenage%20Matsuno%20Karamatsu,f
Aida/Atsushi (Osomatsu),2,/tags/Aida*s*Atsushi%20(Osomatsu),r
Aida & Matsuno Todomatsu,1,/tags/Aida%20*a*%20Matsuno%20Todomatsu,r
Ichiko & Matsuno Osomatsu,1,/tags/Ichiko%20*a*%20Matsuno%20Osomatsu,r
Kiryu Tsukasa/Matsuno Choromatsu,1,/tags/Kiryu%20Tsukasa*s*Matsuno%20Choromatsu,r
Kusakabe Wakaba/Matsuno Ichimatsu,1,/tags/Kusakabe%20Wakaba*s*Matsuno%20Ichimatsu,r
Matsuno Ichimatsu/Wanta,2,/tags/Matsuno%20Ichimatsu*s*Wanta,r
Shake (Osomatsu),6,/tags/Shake%20(Osomatsu),c
Shake & Ume (Osomatsu),2,/tags/Shake%20*a*%20Ume%20(Osomatsu),r
Matsuno Choromatsu & Ume,1,/tags/Matsuno%20Choromatsu%20*a*%20Ume,r
Matsuno Osomatsu & Shake,2,/tags/Matsuno%20Osomatsu%20*a*%20Shake,r
Tatsunami (Osomatsu),8,/tags/Tatsunami%20(Osomatsu),c
Matsuno Karamatsu & Yanagita,1,/tags/Matsuno%20Karamatsu%20*a*%20Yanagita,r
Matsuno Akumatsu/Matsuno Karamatsu,1,/tags/Matsuno%20Akumatsu*s*Matsuno%20Karamatsu,r
Karako/Matsuno Jyushimatsu,1,/tags/Karako*s*Matsuno%20Jyushimatsu,r
Chibita/Matsuno Todomatsu,3,/tags/Chibita*s*Matsuno%20Todomatsu,r
Choromi/Takahashi Nozomi,2,/tags/Choromi*s*Takahashi%20Nozomi,r
Fluttershy (My Little Pony: Friendship is Magic)/Matsuno Ichimatsu,0,/tags/Fluttershy%20(My%20Little%20Pony:%20Friendship%20is%20Magic)*s*Matsuno%20Ichimatsu,r
Atsushi & Yanagita (Osomatsu),1,/tags/Atsushi%20*a*%20Yanagita%20(Osomatsu),r
Matsuno Osomatsu/Cloud Strife,0,/tags/Matsuno%20Osomatsu*s*Cloud%20Strife,r
Ibushi Gin & Matsuno Karamatsu,0,/tags/Ibushi%20Gin%20*a*%20Matsuno%20Karamatsu,r
Chidouin Sara & Matsuno Karamatsu,0,/tags/Chidouin%20Sara%20*a*%20Matsuno%20Karamatsu,r
Matsuno Osomatsu & Original Character(s),1,/tags/Matsuno%20Osomatsu%20*a*%20Original%20Character(s),r
Dayoko | Dayon Tribe Girl (Osomatsu),0,/tags/Dayoko%20%7C%20Dayon%20Tribe%20Girl%20(Osomatsu),c
Homura | Kanojo (Osomatsu),34,/tags/Homura%20%7C%20Kanojo%20(Osomatsu),c
Dobusu | Ugly Flower Fairy (Osomatsu),4,/tags/Dobusu%20%7C%20Ugly%20Flower%20Fairy%20(Osomatsu),c
Matsuno Parents (Osomatsu),3,/tags/Matsuno%20Parents%20(Osomatsu),c
"Uebayashi ""Takkun"" Tatsuo",0,/tags/Uebayashi%20%22Takkun%22%20Tatsuo,c
Yowai Family (Osomatsu),0,/tags/Yowai%20Family%20(Osomatsu),c
Karami (Osomatsu),0,/tags/Karami%20(Osomatsu),c
Christmas Couple Female/Christmas Couple Male (Osomatsu),0,/tags/Christmas%20Couple%20Female*s*Christmas%20Couple%20Male%20(Osomatsu),r
Matsuno Choromatsu/Matsuno Sextuplets,0,/tags/Matsuno%20Choromatsu*s*Matsuno%20Sextuplets,r
Matsuno Todomatsu & Original Character(s),1,/tags/Matsuno%20Todomatsu%20*a*%20Original%20Character(s),r
Homura | Kanojo/Matsuno Ichimatsu,2,/tags/Homura%20%7C%20Kanojo*s*Matsuno%20Ichimatsu,r
Dobusu | Ugly Flower Fairy/Matsuno Karamatsu,1,/tags/Dobusu%20%7C%20Ugly%20Flower%20Fairy*s*Matsuno%20Karamatsu,r
Homura | Kanojo & Matsuno Karamatsu,0,/tags/Homura%20%7C%20Kanojo%20*a*%20Matsuno%20Karamatsu,r
Chibita & Matsuno Family (Osomatsu),0,/tags/Chibita%20*a*%20Matsuno%20Family%20(Osomatsu),r
Chibita & Matsuno Sextuplets (Osomatsu),0,/tags/Chibita%20*a*%20Matsuno%20Sextuplets%20(Osomatsu),r
Homura | Kanojo/Matsuno Jyushimatsu,7,/tags/Homura%20%7C%20Kanojo*s*Matsuno%20Jyushimatsu,r
Homura | Kanojo & Matsuno Choromatsu,1,/tags/Homura%20%7C%20Kanojo%20*a*%20Matsuno%20Choromatsu,r
Homura | Kanojo & Matsuno Todomatsu,3,/tags/Homura%20%7C%20Kanojo%20*a*%20Matsuno%20Todomatsu,r
Homura | Kanojo/Matsuno Jyushimatsu/Reader,0,/tags/Homura%20%7C%20Kanojo*s*Matsuno%20Jyushimatsu*s*Reader,r
Matsuno Choromatsu & Tatsunami,1,/tags/Matsuno%20Choromatsu%20*a*%20Tatsunami,r
Matsuno Choromatsu/Undisclosed,0,/tags/Matsuno%20Choromatsu*s*Undisclosed,r
Matsuno Choromatsu/Tatsunami,2,/tags/Matsuno%20Choromatsu*s*Tatsunami,r
Choromi (Osomatsu)/Reader,0,/tags/Choromi%20(Osomatsu)*s*Reader,r
Choromi/Matsuno Osomatsu,1,/tags/Choromi*s*Matsuno%20Osomatsu,r
Matsuno Osomatsu/Michaelmatsu,0,/tags/Matsuno%20Osomatsu*s*Michaelmatsu,r
Matsuno Sextuplets & Shake & Ume,0,/tags/Matsuno%20Sextuplets%20*a*%20Shake%20*a*%20Ume,r
Chibita/Matsuno Osomatsu/Yowai Totoko,0,/tags/Chibita*s*Matsuno%20Osomatsu*s*Yowai%20Totoko,r
Dragon Matsuno Jyushimatsu,0,/tags/Dragon%20Matsuno%20Jyushimatsu,f
Suffering Matsuno Karamatsu,14,/tags/Suffering%20Matsuno%20Karamatsu,f
Hesokuri Wars Musical Setting (Osomatsu),4,/tags/Hesokuri%20Wars%20Musical%20Setting%20(Osomatsu),f
Alternate Universe - F6 | Fujio Six Setting (Osomatsu),2,/tags/Alternate%20Universe%20-%20F6%20%7C%20Fujio%20Six%20Setting%20(Osomatsu),f
Fujio Rock Festival (Osomatsu),2,/tags/Fujio%20Rock%20Festival%20(Osomatsu),f
Matsuno Choromatsu & Other(s),0,/tags/Matsuno%20Choromatsu%20*a*%20Other(s),r
Riceballs | Robot AIs (Osomatsu),5,/tags/Riceballs%20%7C%20Robot%20AIs%20(Osomatsu),c
Episode: s01e24A  | Totoko's Huge Panic (Osomatsu-san),1,/tags/Episode:%20s01e24A%20%E3%83%88%E3%83%88%E5%AD%90%E5%A4%A7%E3%81%82%E3%82%8F%E3%81%A6%20%7C%20Totoko's%20Huge%20Panic%20(Osomatsu-san),f
Episode: s01e24B  | Letter (Osomatsu-san),1,/tags/Episode:%20s01e24B%20%E6%89%8B%E7%B4%99%20%7C%20Letter%20(Osomatsu-san),f
Episode: s03e15  | Cosplaymatsu (Osomatsu-san),0,/tags/Episode:%20s03e15%20%E3%82%B3%E3%82%B9%E3%83%97%E3%83%AC%E6%9D%BE%20%7C%20Cosplaymatsu%20(Osomatsu-san),f
Episode: s03e18  | Just Don't (Osomatsu-san),0,/tags/Episode:%20s03e18%20%E3%82%84%E3%82%81%E3%81%A6%E3%81%8A%E3%81%91%20%7C%20Just%20Don't%20(Osomatsu-san),f
Episode: s01e09A  | Chibita and Oden (Osomatsu-san),0,/tags/Episode:%20s01e09A%20%E3%83%81%E3%83%93%E5%A4%AA%E3%81%A8%E3%81%8A%E3%81%A7%E3%82%93%20%7C%20Chibita%20and%20Oden%20(Osomatsu-san),f
Post-Episode: s01e05A  | The Karamatsu Incident (Osomatsu-san),0,/tags/Post-Episode:%20s01e05A%20%E3%82%AB%E3%83%A9%E6%9D%BE%E4%BA%8B%E5%A4%89%20%7C%20The%20Karamatsu%20Incident%20(Osomatsu-san),f
Alternate Universe - Sweet Villain Setting (Osomatsu),0,/tags/Alternate%20Universe%20-%20Sweet%20Villain%20Setting%20(Osomatsu),f
Episode: s02e25 | Osomatsu-san in Hell (Osomatsu-san),0,/tags/Episode:%20s02e25%20%E5%9C%B0%E7%8D%84%E3%81%AE%E3%81%8A%E3%81%9D%E6%9D%BE%E3%81%95%E3%82%93%7C%20Osomatsu-san%20in%20Hell%20(Osomatsu-san),f
Episode: s02e24  | Cherry Blossoms (Osomatsu-san),0,/tags/Episode:%20s02e24%20%E6%A1%9C%20%7C%20Cherry%20Blossoms%20(Osomatsu-san),f
Episode: s01e04A  | Let's Become Independent (Osomatsu-san),0,/tags/Episode:%20s01e04A%20%E8%87%AA%E7%AB%8B%E3%81%97%E3%82%88%E3%81%86%20%7C%20Let's%20Become%20Independent%20(Osomatsu-san),f
Osomatsu-san the Movie (2019) Spoilers,5,/tags/Osomatsu-san%20the%20Movie%20(2019)%20Spoilers,f
Mentioned Homura | Kanojo (Osomatsu),0,/tags/Mentioned%20Homura%20%7C%20Kanojo%20(Osomatsu),f
Minor Homura | Kanojo/Matsuno Jyushimatsu,1,/tags/Minor%20Homura%20%7C%20Kanojo*s*Matsuno%20Jyushimatsu,f
Barry Benson (Bee Movie)/Matsuno Jyushimatsu,0,/tags/Barry%20Benson%20(Bee%20Movie)*s*Matsuno%20Jyushimatsu,r
Minor Happi/Matsuno Choromatsu,0,/tags/Minor%20Happi*s*Matsuno%20Choromatsu,f
Minor Hashimoto Nyaa/Yowai Totoko,0,/tags/Minor%20Hashimoto%20Nyaa*s*Yowai%20Totoko,f
Baseball Player (Osomatsu-san: Hesokuri Wars Akatsuka TV),0,/tags/Baseball%20Player%20(Osomatsu-san:%20Hesokuri%20Wars%20Akatsuka%20TV),c
Submissive Matsuno Choromatsu,1,/tags/Submissive%20Matsuno%20Choromatsu,f
Alternate Universe - Akuma Rider Setting (Osomatsu),4,/tags/Alternate%20Universe%20-%20Akuma%20Rider%20Setting%20(Osomatsu),f
Atsushi (Osomatsu)/Original Character(s),0,/tags/Atsushi%20(Osomatsu)*s*Original%20Character(s),r
Sick Matsuno Osomatsu,0,/tags/Sick%20Matsuno%20Osomatsu,f
Matsuno Osomatsu/Meiko (Vocaloid),1,/tags/Matsuno%20Osomatsu*s*Meiko%20(Vocaloid),r
Aoki Lapis/Chibita (Osomatsu),0,/tags/Aoki%20Lapis*s*Chibita%20(Osomatsu),r
Dayon (Osomatsu) & Gumi (Vocaloid),0,/tags/Dayon%20(Osomatsu)%20*a*%20Gumi%20(Vocaloid),r
Dekapan (Osomatsu) & Yuzuki Yukari,0,/tags/Dekapan%20(Osomatsu)%20*a*%20Yuzuki%20Yukari,r
Atsushi (Osomatsu) & Kamui Gakupo,0,/tags/Atsushi%20(Osomatsu)%20*a*%20Kamui%20Gakupo,r
Hashimoto Nyaa & SeeU (Vocaloid),0,/tags/Hashimoto%20Nyaa%20*a*%20SeeU%20(Vocaloid),r
Tone Rion & Yowai Totoko,0,/tags/Tone%20Rion%20*a*%20Yowai%20Totoko,r
Hatabou (Osomatsu) & OLIVER (Vocaloid),0,/tags/Hatabou%20(Osomatsu)%20*a*%20OLIVER%20(Vocaloid),r
IA (Vocaloid) & Iyami (Osomatsu),0,/tags/IA%20(Vocaloid)%20*a*%20Iyami%20(Osomatsu),r
Matsuno Todomatsu/Megurine Luka,1,/tags/Matsuno%20Todomatsu*s*Megurine%20Luka,r
Kaito (Vocaloid)/Matsuno Karamatsu,1,/tags/Kaito%20(Vocaloid)*s*Matsuno%20Karamatsu,r
Kagamine Len/Matsuno Ichimatsu,1,/tags/Kagamine%20Len*s*Matsuno%20Ichimatsu,r
Kagamine Rin/Matsuno Jyushimatsu,1,/tags/Kagamine%20Rin*s*Matsuno%20Jyushimatsu,r
Matsuno Karamatsu & Matsuno Osomatsu & Original Character(s),0,/tags/Matsuno%20Karamatsu%20*a*%20Matsuno%20Osomatsu%20*a*%20Original%20Character(s),r
Sad Matsuno Ichimatsu,0,/tags/Sad%20Matsuno%20Ichimatsu,f
Hesokuri Wars Calming Detective Setting (Osomatsu),1,/tags/Hesokuri%20Wars%20Calming%20Detective%20Setting%20(Osomatsu),f
Matsuno Karamatsu/Matsuno Osomatsu-centric,0,/tags/Matsuno%20Karamatsu*s*Matsuno%20Osomatsu-centric,f
Matsuno Choromatsu/Matsuno Ichimatsu/Matsuno Jyushimatsu/Matsuno Osomatsu,0,/tags/Matsuno%20Choromatsu*s*Matsuno%20Ichimatsu*s*Matsuno%20Jyushimatsu*s*Matsuno%20Osomatsu,r
Frames and Shades: A SuiRiku Zine (Osomatsu),0,/tags/Frames%20and%20Shades:%20A%20SuiRiku%20Zine%20(Osomatsu),f
Mentioned Matsuno Karamatsu,0,/tags/Mentioned%20Matsuno%20Karamatsu,f
Choromi & Hashimoto Nyaa,0,/tags/Choromi%20*a*%20Hashimoto%20Nyaa,r
Hesokuri Wars Denki Mystery Setting (Osomatsu),2,/tags/Hesokuri%20Wars%20Denki%20Mystery%20Setting%20(Osomatsu),f
Matsuno Karamatsu/Takahashi Nozomi,1,/tags/Matsuno%20Karamatsu*s*Takahashi%20Nozomi,r
Wanta (Osomatsu),0,/tags/Wanta%20(Osomatsu),c
Ever Given Container Ship (Anthropomorphic)/Matsuno Osomatsu,0,/tags/Ever%20Given%20Container%20Ship%20(Anthropomorphic)*s*Matsuno%20Osomatsu,r
Female Matsuno Todomatsu,2,/tags/Female%20Matsuno%20Todomatsu,f
Iyami (Osomatsu)/Original Female Character(s),0,/tags/Iyami%20(Osomatsu)*s*Original%20Female%20Character(s),r
Jyushiko/Matsuno Jyushimatsu,7,/tags/Jyushiko*s*Matsuno%20Jyushimatsu,r
Eitarou & Matsuno Jyushimatsu,0,/tags/Eitarou%20*a*%20Matsuno%20Jyushimatsu,r
Eitarou/Matsuno Jyushimatsu,0,/tags/Eitarou*s*Matsuno%20Jyushimatsu,r
Matsuno Choromatsu & Sawada Tsunayoshi,0,/tags/Matsuno%20Choromatsu%20*a*%20Sawada%20Tsunayoshi,r
Matsuno Jyushimatsu & Yamamoto Takeshi,0,/tags/Matsuno%20Jyushimatsu%20*a*%20Yamamoto%20Takeshi,r
Gokudera Hayato & Matsuno Karamatsu,0,/tags/Gokudera%20Hayato%20*a*%20Matsuno%20Karamatsu,r
Hibari Kyouya & Matsuno Ichimatsu,0,/tags/Hibari%20Kyouya%20*a*%20Matsuno%20Ichimatsu,r
Matsuno Osomatsu & Sasagawa Ryouhei,0,/tags/Matsuno%20Osomatsu%20*a*%20Sasagawa%20Ryouhei,r
Benjamin Haggerty | Macklemore/Matsuno Karamatsu,0,/tags/Benjamin%20Haggerty%20%7C%20Macklemore*s*Matsuno%20Karamatsu,r
Matsuno Ichimatsu & Uchikawa,0,/tags/Matsuno%20Ichimatsu%20*a*%20Uchikawa,r
Choroko/Matsuno Jyushimatsu,1,/tags/Choroko*s*Matsuno%20Jyushimatsu,r
Bianchi & Chrome Dokuro & Matsuno Todomatsu,0,/tags/Bianchi%20*a*%20Chrome%20Dokuro%20*a*%20Matsuno%20Todomatsu,r
Matsuno Todomatsu & Everyone,2,/tags/Matsuno%20Todomatsu%20*a*%20Everyone,r
Matsuno Choromatsu & Original Character(s),0,/tags/Matsuno%20Choromatsu%20*a*%20Original%20Character(s),r
Female Matsuno Jyushimatsu,1,/tags/Female%20Matsuno%20Jyushimatsu,f
Matsuno Todomatsu/Yanagita,0,/tags/Matsuno%20Todomatsu*s*Yanagita,r
Hashimoto Nyaa & Dobusu | Ugly Flower Fairy,1,/tags/Hashimoto%20Nyaa%20*a*%20Dobusu%20%7C%20Ugly%20Flower%20Fairy,r
Matsuno Ichimatsu/Original Male Character(s),2,/tags/Matsuno%20Ichimatsu*s*Original%20Male%20Character(s),r
Homura | Kanojo & Matsuno Osomatsu,1,/tags/Homura%20%7C%20Kanojo%20*a*%20Matsuno%20Osomatsu,r
Fighting Yowai/Matsuno Ichimatsu,0,/tags/Fighting%20Yowai*s*Matsuno%20Ichimatsu,r
Matsuno Osomatsu/Original Male Character(s),1,/tags/Matsuno%20Osomatsu*s*Original%20Male%20Character(s),r
Matsuno Jyushimatsu/Todoko,0,/tags/Matsuno%20Jyushimatsu*s*Todoko,r
Submissive Masuno Osomatsu,1,/tags/Submissive%20Masuno%20Osomatsu,f
Submissive Matsuno Ichimatsu,0,/tags/Submissive%20Matsuno%20Ichimatsu,f
Matsuno Todomatsu/Original Male Character(s),1,/tags/Matsuno%20Todomatsu*s*Original%20Male%20Character(s),r
Matsuno Choromatsu/Original Male Character(s),1,/tags/Matsuno%20Choromatsu*s*Original%20Male%20Character(s),r
Matsuno Jyushimatsu/Original Male Character(s),1,/tags/Matsuno%20Jyushimatsu*s*Original%20Male%20Character(s),r
Satozaki (Osomatsu),1,/tags/Satozaki%20(Osomatsu),c
Matsuno Sextuplets (Osomatsu)/Original Female Character(s),1,/tags/Matsuno%20Sextuplets%20(Osomatsu)*s*Original%20Female%20Character(s),r
Karami/Matsuno Ichimatsu,0,/tags/Karami*s*Matsuno%20Ichimatsu,r
Chibita & Tougou (Osomatsu),4,/tags/Chibita%20*a*%20Tougou%20(Osomatsu),r
Jyushiko/Matsuno Karamatsu,0,/tags/Jyushiko*s*Matsuno%20Karamatsu,r
Matsuno Osomatsu & Okiku (Osomatsu),0,/tags/Matsuno%20Osomatsu%20*a*%20Okiku%20(Osomatsu),r
Matsuno Osomatsu & Ta-Bo (Osomatsu),0,/tags/Matsuno%20Osomatsu%20*a*%20Ta-Bo%20(Osomatsu),r
Hashimoto Nyaa's Kid,0,/tags/Hashimoto%20Nyaa's%20Kid,c
